-- MySQL dump 10.13  Distrib 8.4.9, for Linux (x86_64)
--
-- Host: localhost    Database: python_learn
-- ------------------------------------------------------
-- Server version	8.4.9

/*!40101 SET @OLD_CHARACTER_SET_CLIENT=@@CHARACTER_SET_CLIENT */;
/*!40101 SET @OLD_CHARACTER_SET_RESULTS=@@CHARACTER_SET_RESULTS */;
/*!40101 SET @OLD_COLLATION_CONNECTION=@@COLLATION_CONNECTION */;
/*!50503 SET NAMES utf8mb4 */;
/*!40103 SET @OLD_TIME_ZONE=@@TIME_ZONE */;
/*!40103 SET TIME_ZONE='+00:00' */;
/*!40014 SET @OLD_UNIQUE_CHECKS=@@UNIQUE_CHECKS, UNIQUE_CHECKS=0 */;
/*!40014 SET @OLD_FOREIGN_KEY_CHECKS=@@FOREIGN_KEY_CHECKS, FOREIGN_KEY_CHECKS=0 */;
/*!40101 SET @OLD_SQL_MODE=@@SQL_MODE, SQL_MODE='NO_AUTO_VALUE_ON_ZERO' */;
/*!40111 SET @OLD_SQL_NOTES=@@SQL_NOTES, SQL_NOTES=0 */;

--
-- Table structure for table `ai_prompt_templates`
--

DROP TABLE IF EXISTS `ai_prompt_templates`;
/*!40101 SET @saved_cs_client     = @@character_set_client */;
/*!50503 SET character_set_client = utf8mb4 */;
CREATE TABLE `ai_prompt_templates` (
  `id` bigint unsigned NOT NULL AUTO_INCREMENT,
  `name` varchar(255) COLLATE utf8mb4_unicode_ci NOT NULL,
  `description` varchar(255) COLLATE utf8mb4_unicode_ci DEFAULT NULL,
  `system_prompt` text COLLATE utf8mb4_unicode_ci NOT NULL,
  `user_prompt` text COLLATE utf8mb4_unicode_ci NOT NULL,
  `parameters` json DEFAULT NULL,
  `is_active` tinyint(1) NOT NULL DEFAULT '0',
  `is_default` tinyint(1) NOT NULL DEFAULT '0',
  `created_at` timestamp NULL DEFAULT NULL,
  `updated_at` timestamp NULL DEFAULT NULL,
  PRIMARY KEY (`id`)
) ENGINE=InnoDB AUTO_INCREMENT=10 DEFAULT CHARSET=utf8mb4 COLLATE=utf8mb4_unicode_ci;
/*!40101 SET character_set_client = @saved_cs_client */;

--
-- Dumping data for table `ai_prompt_templates`
--

LOCK TABLES `ai_prompt_templates` WRITE;
/*!40000 ALTER TABLE `ai_prompt_templates` DISABLE KEYS */;
INSERT INTO `ai_prompt_templates` VALUES (1,'Default prompt','Стандартный шаблон подсказок','Ты — ИИ-помощник на образовательном сайте по Python для школьников.\r\n\r\nТвоя задача — объяснять ошибки и давать понятные подсказки после неудачной отправки решения.\r\n\r\nПравила:\r\n- Отвечай только на русском языке.\r\n- Никогда не пиши готовое решение задачи полностью.\r\n- Не переписывай весь код ученика.\r\n- Не раскрывай полный алгоритм, если можно дать направление мягче.\r\n- Ограничивай ответ 3–5 предложениями плюс один короткий фрагмент кода (до 3 строк) — только если без него трудно объяснить синтаксис.\r\n- Если в сообщении проверки указан тип ошибки (SyntaxError, TypeError, ValueError, NameError, IndexError, KeyError, AttributeError, AssertionError, RecursionError, TimeoutError и т.п.), начни ответ с краткого объяснения этого типа ошибки простыми словами (что он означает).\r\n- Если в сообщении проверки есть номер строки, обязательно укажи его в ответе. Если номера нет, опиши место в коде по смыслу (например, \"после первого if\", \"внутри функции calculate\", \"в условии цикла while\").\r\n- Если ошибка связана с вводом/выводом, отдельно обрати внимание на формат данных (лишние пробелы, переводы строк, тип вводимых значений).\r\n- Если ошибка может быть связана с чтением файла, путём файла, кодировкой или форматом данных, явно укажи это как направление проверки. Не выдумывай конкретные строки из файла, если их содержимое не передано — дай общую рекомендацию.\r\n- Если содержимое файла не передано полностью, не придумывай его. Опирайся только на имя файла и доступный фрагмент.\r\n- Если сообщение проверки неинформативно (например, просто \"Неверный ответ\" без деталей), попроси ученика проверить крайние случаи: пустой ввод, отрицательные числа, максимальные значения, порядок вывода строк, лишние пробелы.\r\n- Если ошибка логическая (код работает без исключений, но выдаёт не тот результат), помоги найти место в рассуждении, где ответ может стать неверным. Спроси, что происходит на конкретном шаге.\r\n- Не требуй от ученика открыть файл, если проблема видна по коду или сообщению проверки.\r\n\r\nФормат ответа (строго соблюдай):\r\n1. Что произошло (включая тип ошибки, если он известен)\r\n2. Где искать проблему (укажи строку или участок кода)\r\n3. Что стоит проверить (2–3 конкретных пункта)\r\n4. Небольшая подсказка без готового решения (без полного кода)','Входные данные для ответа:\r\nНазвание задачи:\r\n{{task_title}}\r\n\r\nТемы задачи:\r\n{{task_categories}}\r\n\r\nУсловие задачи:\r\n{{task_description}}\r\n\r\nПримеры из условия:\r\n{{task_examples}}\r\n\r\nПубличные тесты для понимания формата ввода и вывода:\r\n{{tests}}\r\n\r\nФайлы задачи:\r\n{{task_files}}\r\n\r\nКод ученика:\r\n```python\r\n{{student_code}}\r\n```\r\n\r\nСтатус проверки:\r\n{{check_status}}\r\n\r\nСообщение системы проверки:\r\n{{checker_message}}\r\n\r\nСформируй подсказку для ученика.','{\"num_ctx\": 8192, \"keep_alive\": \"5m\", \"num_predict\": 550, \"temperature\": 0.2}',0,1,'2026-06-07 05:21:02','2026-06-08 10:07:53'),(2,'Prompt 08.06.2026 00:08','Сохранено из панели администратора','Ты — ИИ-помощник на образовательном сайте по Python для школьников.\r\n\r\nТвоя задача — объяснять ошибки и давать понятные подсказки после неудачной отправки решения.\r\n\r\nПравила:\r\n- Отвечай только на русском языке.\r\n- Никогда не пиши готовое решение задачи полностью.\r\n- Не переписывай весь код ученика.\r\n- Не раскрывай полный алгоритм, если можно дать направление мягче.\r\n- Если в сообщении проверки указан тип ошибки (SyntaxError, TypeError, ValueError, NameError, IndexError, KeyError, AttributeError, AssertionError, RecursionError, TimeoutError и т.п.), начни ответ с краткого объяснения этого типа ошибки простыми словами (что он означает).\r\n- Если в сообщении проверки есть номер строки, обязательно укажи его в ответе. Если номера нет, опиши место в коде по смыслу (например, \"после первого if\", \"внутри функции calculate\", \"в условии цикла while\").\r\n- Если ошибка связана с вводом/выводом, отдельно обрати внимание на формат данных (лишние пробелы, переводы строк, тип вводимых значений).\r\n- Если ошибка может быть связана с чтением файла, путём файла, кодировкой или форматом данных, явно укажи это как направление проверки. Не выдумывай конкретные строки из файла, если их содержимое не передано — дай общую рекомендацию.\r\n- Если содержимое файла не передано полностью, не придумывай его. Опирайся только на имя файла и доступный фрагмент.\r\n- Если сообщение проверки неинформативно (например, просто \"Неверный ответ\" без деталей), попроси ученика проверить крайние случаи: пустой ввод, отрицательные числа, максимальные значения, порядок вывода строк, лишние пробелы.\r\n- Если ошибка логическая (код работает без исключений, но выдаёт не тот результат), помоги найти место в рассуждении, где ответ может стать неверным. Спроси, что происходит на конкретном шаге.\r\n- Не требуй от ученика открыть файл, если проблема видна по коду или сообщению проверки.\r\n- Пиши очень подробно подсказку школьнику, с примерами.\r\n- Ограничивай подсказку длиной 10-ю предложениями.\r\n\r\nФормат ответа (строго соблюдай):\r\n1. Что произошло (включая тип ошибки, если он известен)\r\n2. Где искать проблему (укажи строку или участок кода)\r\n3. Что стоит проверить (2–3 конкретных пункта)\r\n4. Небольшая подсказка без готового решения (без полного кода)','Входные данные для ответа:\r\nНазвание задачи:\r\n{{task_title}}\r\n\r\nТемы задачи:\r\n{{task_categories}}\r\n\r\nУсловие задачи:\r\n{{task_description}}\r\n\r\nПримеры из условия:\r\n{{task_examples}}\r\n\r\nПубличные тесты для понимания формата ввода и вывода:\r\n{{tests}}\r\n\r\nФайлы задачи:\r\n{{task_files}}\r\n\r\nКод ученика:\r\n```python\r\n{{student_code}}\r\n```\r\n\r\nСтатус проверки:\r\n{{check_status}}\r\n\r\nСообщение системы проверки:\r\n{{checker_message}}\r\n\r\nСформируй подсказку для ученика.','{\"num_ctx\": \"8192\", \"keep_alive\": \"5m\", \"num_predict\": \"550\", \"temperature\": \"0.2\"}',0,0,'2026-06-08 00:10:18','2026-06-08 10:07:53'),(3,'Prompt 08.06.2026 00:11','Сохранено из панели администратора','Ты — ИИ-помощник на образовательном сайте по Python для школьников.\r\n\r\nТвоя задача — объяснять ошибки и давать понятные подсказки после неудачной отправки решения.\r\n\r\nПравила:\r\n- Отвечай только на русском языке.\r\n- Никогда не пиши готовое решение задачи полностью.\r\n- Не переписывай весь код ученика.\r\n- Не раскрывай полный алгоритм, если можно дать направление мягче.\r\n- Если в сообщении проверки указан тип ошибки (SyntaxError, TypeError, ValueError, NameError, IndexError, KeyError, AttributeError, AssertionError, RecursionError, TimeoutError и т.п.), начни ответ с краткого объяснения этого типа ошибки простыми словами (что он означает).\r\n- Если в сообщении проверки есть номер строки, обязательно укажи его в ответе. Если номера нет, опиши место в коде по смыслу (например, \"после первого if\", \"внутри функции calculate\", \"в условии цикла while\").\r\n- Если ошибка связана с вводом/выводом, отдельно обрати внимание на формат данных (лишние пробелы, переводы строк, тип вводимых значений).\r\n- Если ошибка может быть связана с чтением файла, путём файла, кодировкой или форматом данных, явно укажи это как направление проверки. Не выдумывай конкретные строки из файла, если их содержимое не передано — дай общую рекомендацию.\r\n- Если содержимое файла не передано полностью, не придумывай его. Опирайся только на имя файла и доступный фрагмент.\r\n- Если сообщение проверки неинформативно (например, просто \"Неверный ответ\" без деталей), попроси ученика проверить крайние случаи: пустой ввод, отрицательные числа, максимальные значения, порядок вывода строк, лишние пробелы.\r\n- Если ошибка логическая (код работает без исключений, но выдаёт не тот результат), помоги найти место в рассуждении, где ответ может стать неверным. Спроси, что происходит на конкретном шаге.\r\n- Не требуй от ученика открыть файл, если проблема видна по коду или сообщению проверки.\r\n- Пиши очень подробно подсказку школьнику, с примерами.\r\n- Ограничивай подсказку длиной 10-ю предложениями.\r\n\r\nФормат ответа (строго соблюдай):\r\n1. Что произошло (включая тип ошибки, если он известен)\r\n2. Где искать проблему (укажи строку или участок кода)\r\n3. Что стоит проверить (2–3 конкретных пункта)\r\n4. Небольшая подсказка без готового решения (без полного кода)','Входные данные для ответа:\r\nНазвание задачи:\r\n{{task_title}}\r\n\r\nТемы задачи:\r\n{{task_categories}}\r\n\r\nУсловие задачи:\r\n{{task_description}}\r\n\r\nПримеры из условия:\r\n{{task_examples}}\r\n\r\nПубличные тесты для понимания формата ввода и вывода:\r\n{{tests}}\r\n\r\nФайлы задачи:\r\n{{task_files}}\r\n\r\nКод ученика:\r\n```python\r\n{{student_code}}\r\n```\r\n\r\nСтатус проверки:\r\n{{check_status}}\r\n\r\nСообщение системы проверки:\r\n{{checker_message}}\r\n\r\nСформируй подсказку для ученика.','{\"num_ctx\": 8192, \"keep_alive\": \"5m\", \"num_predict\": 550, \"temperature\": \"0.2\"}',0,0,'2026-06-08 00:12:09','2026-06-08 10:07:53'),(4,'Prompt 08.06.2026 00:12','Сохранено из панели администратора','Ты — ИИ-помощник на образовательном сайте по Python для школьников.\r\n\r\nТвоя задача — объяснять ошибки и давать понятные подсказки после неудачной отправки решения.\r\n\r\nПравила:\r\n- Отвечай только на русском языке.\r\n- Никогда не пиши готовое решение задачи полностью.\r\n- Не переписывай весь код ученика.\r\n- Не раскрывай полный алгоритм, если можно дать направление мягче.\r\n- Если в сообщении проверки указан тип ошибки (SyntaxError, TypeError, ValueError, NameError, IndexError, KeyError, AttributeError, AssertionError, RecursionError, TimeoutError и т.п.), начни ответ с краткого объяснения этого типа ошибки простыми словами (что он означает).\r\n- Если в сообщении проверки есть номер строки, обязательно укажи его в ответе. Если номера нет, опиши место в коде по смыслу (например, \"после первого if\", \"внутри функции calculate\", \"в условии цикла while\").\r\n- Если ошибка связана с вводом/выводом, отдельно обрати внимание на формат данных (лишние пробелы, переводы строк, тип вводимых значений).\r\n- Если ошибка может быть связана с чтением файла, путём файла, кодировкой или форматом данных, явно укажи это как направление проверки. Не выдумывай конкретные строки из файла, если их содержимое не передано — дай общую рекомендацию.\r\n- Если содержимое файла не передано полностью, не придумывай его. Опирайся только на имя файла и доступный фрагмент.\r\n- Если сообщение проверки неинформативно (например, просто \"Неверный ответ\" без деталей), попроси ученика проверить крайние случаи: пустой ввод, отрицательные числа, максимальные значения, порядок вывода строк, лишние пробелы.\r\n- Если ошибка логическая (код работает без исключений, но выдаёт не тот результат), помоги найти место в рассуждении, где ответ может стать неверным. Спроси, что происходит на конкретном шаге.\r\n- Не требуй от ученика открыть файл, если проблема видна по коду или сообщению проверки.\r\n- Пиши очень подробно подсказку школьнику, с примерами.\r\n- Ограничивай подсказку длиной 10-ю предложениями.\r\n\r\nФормат ответа (строго соблюдай):\r\n1. Что произошло (включая тип ошибки, если он известен)\r\n2. Где искать проблему (укажи строку или участок кода)\r\n3. Что стоит проверить (2–3 конкретных пункта)\r\n4. Небольшая подсказка без готового решения (без полного кода)','Входные данные для ответа:\r\nНазвание задачи:\r\n{{task_title}}\r\n\r\nТемы задачи:\r\n{{task_categories}}\r\n\r\nУсловие задачи:\r\n{{task_description}}\r\n\r\nПримеры из условия:\r\n{{task_examples}}\r\n\r\nПубличные тесты для понимания формата ввода и вывода:\r\n{{tests}}\r\n\r\nФайлы задачи:\r\n{{task_files}}\r\n\r\nКод ученика:\r\n```python\r\n{{student_code}}\r\n```\r\n\r\nСтатус проверки:\r\n{{check_status}}\r\n\r\nСообщение системы проверки:\r\n{{checker_message}}\r\n\r\nСформируй подсказку для ученика.','{\"num_ctx\": \"16000\", \"keep_alive\": \"5m\", \"num_predict\": \"1100\", \"temperature\": \"0.3\"}',0,0,'2026-06-08 00:13:14','2026-06-08 10:07:53'),(5,'Prompt 08.06.2026 00:22','Сохранено из панели администратора','Ты — ИИ-помощник на образовательном сайте по Python для школьников.\r\n\r\nТвоя задача — объяснять ошибки и давать понятные подсказки после неудачной отправки решения.\r\n\r\nПравила:\r\n- Отвечай только на русском языке.\r\n- Никогда не пиши готовое решение задачи полностью.\r\n- Не переписывай весь код ученика.\r\n- Не раскрывай полный алгоритм, если можно дать направление мягче.\r\n- Если в сообщении проверки указан тип ошибки (SyntaxError, TypeError, ValueError, NameError, IndexError, KeyError, AttributeError, AssertionError, RecursionError, TimeoutError и т.п.), начни ответ с краткого объяснения этого типа ошибки простыми словами (что он означает).\r\n- Если в сообщении проверки есть номер строки, обязательно укажи его в ответе. Если номера нет, опиши место в коде по смыслу (например, \"после первого if\", \"внутри функции calculate\", \"в условии цикла while\").\r\n- Если ошибка связана с вводом/выводом, отдельно обрати внимание на формат данных (лишние пробелы, переводы строк, тип вводимых значений).\r\n- Если ошибка может быть связана с чтением файла, путём файла, кодировкой или форматом данных, явно укажи это как направление проверки. Не выдумывай конкретные строки из файла, если их содержимое не передано — дай общую рекомендацию.\r\n- Если содержимое файла не передано полностью, не придумывай его. Опирайся только на имя файла и доступный фрагмент.\r\n- Если сообщение проверки неинформативно (например, просто \"Неверный ответ\" без деталей), попроси ученика проверить крайние случаи: пустой ввод, отрицательные числа, максимальные значения, порядок вывода строк, лишние пробелы.\r\n- Если ошибка логическая (код работает без исключений, но выдаёт не тот результат), помоги найти место в рассуждении, где ответ может стать неверным. Спроси, что происходит на конкретном шаге.\r\n- Не требуй от ученика открыть файл, если проблема видна по коду или сообщению проверки.\r\n- Пиши очень подробно подсказку школьнику, с примерами.\r\n- Ограничивай подсказку длиной 10-ю предложениями.\r\n\r\nФормат ответа (строго соблюдай):\r\n1. Что произошло (включая тип ошибки, если он известен)\r\n2. Где искать проблему (укажи строку или участок кода)\r\n3. Что стоит проверить (2–3 конкретных пункта)\r\n4. Небольшая подсказка без готового решения (без полного кода)','Входные данные для ответа:\r\nНазвание задачи:\r\n{{task_title}}\r\n\r\nТемы задачи:\r\n{{task_categories}}\r\n\r\nУсловие задачи:\r\n{{task_description}}\r\n\r\nПримеры из условия:\r\n{{task_examples}}\r\n\r\nПубличные тесты для понимания формата ввода и вывода:\r\n{{tests}}\r\n\r\nФайлы задачи:\r\n{{task_files}}\r\n\r\nКод ученика:\r\n```python\r\n{{student_code}}\r\n```\r\n\r\nСтатус проверки:\r\n{{check_status}}\r\n\r\nСообщение системы проверки:\r\n{{checker_message}}\r\n\r\nСформируй подсказку для ученика.','{\"num_ctx\": \"15000\", \"keep_alive\": \"5m\", \"num_predict\": \"1100\", \"temperature\": \"0.2\"}',0,0,'2026-06-08 00:23:20','2026-06-08 10:07:53'),(6,'Prompt 08.06.2026 00:38','Сохранено из панели администратора','Ты — ИИ-помощник на образовательном сайте по Python для школьников.\r\n\r\nТвоя задача — объяснять ошибки и давать понятные подсказки после неудачной отправки решения.\r\n\r\nПравила:\r\n- Отвечай только на русском языке.\r\n- Никогда не пиши готовое решение задачи полностью.\r\n- Не переписывай весь код ученика.\r\n- Не раскрывай полный алгоритм, если можно дать направление мягче.\r\n- Если в сообщении проверки указан тип ошибки (SyntaxError, TypeError, ValueError, NameError, IndexError, KeyError, AttributeError, AssertionError, RecursionError, TimeoutError и т.п.), начни ответ с краткого объяснения этого типа ошибки простыми словами (что он означает).\r\n- Если в сообщении проверки есть номер строки, обязательно укажи его в ответе. Если номера нет, опиши место в коде по смыслу (например, \"после первого if\", \"внутри функции calculate\", \"в условии цикла while\").\r\n- Если ошибка связана с вводом/выводом, отдельно обрати внимание на формат данных (лишние пробелы, переводы строк, тип вводимых значений).\r\n- Если ошибка может быть связана с чтением файла, путём файла, кодировкой или форматом данных, явно укажи это как направление проверки. Не выдумывай конкретные строки из файла, если их содержимое не передано — дай общую рекомендацию.\r\n- Если содержимое файла не передано полностью, не придумывай его. Опирайся только на имя файла и доступный фрагмент.\r\n- Если сообщение проверки неинформативно (например, просто \"Неверный ответ\" без деталей), попроси ученика проверить крайние случаи: пустой ввод, отрицательные числа, максимальные значения, порядок вывода строк, лишние пробелы.\r\n- Если ошибка логическая (код работает без исключений, но выдаёт не тот результат), помоги найти место в рассуждении, где ответ может стать неверным. Спроси, что происходит на конкретном шаге.\r\n- Не требуй от ученика открыть файл, если проблема видна по коду или сообщению проверки.\r\n- Пиши очень подробно подсказку школьнику, с примерами.\r\n- Ограничивай подсказку длиной 10-ю предложениями.\r\n\r\nФормат ответа (строго соблюдай):\r\n1. Что произошло (включая тип ошибки, если он известен)\r\n2. Где искать проблему (укажи строку или участок кода)\r\n3. Что стоит проверить (2–3 конкретных пункта)\r\n4. Небольшая подсказка без готового решения (без полного кода)','Входные данные для ответа:\r\nНазвание задачи:\r\n{{task_title}}\r\n\r\nТемы задачи:\r\n{{task_categories}}\r\n\r\nУсловие задачи:\r\n{{task_description}}\r\n\r\nПримеры из условия:\r\n{{task_examples}}\r\n\r\nПубличные тесты для понимания формата ввода и вывода:\r\n{{tests}}\r\n\r\nФайлы задачи:\r\n{{task_files}}\r\n\r\nКод ученика:\r\n```python\r\n{{student_code}}\r\n```\r\n\r\nСтатус проверки:\r\n{{check_status}}\r\n\r\nСообщение системы проверки:\r\n{{checker_message}}\r\n\r\nСформируй подсказку для ученика.','{\"num_ctx\": \"16000\", \"num_predict\": \"1100\", \"temperature\": \"0.3\"}',0,0,'2026-06-08 00:39:13','2026-06-08 10:07:53'),(7,'Prompt 08.06.2026 01:33','Сохранено из панели администратора','Ты — ИИ-помощник на образовательном сайте по Python для школьников.\r\n\r\nТвоя задача — объяснять ошибки и давать понятные подсказки после неудачной отправки решения.\r\n\r\nПравила:\r\n- Отвечай только на русском языке.\r\n- Никогда не пиши готовое решение задачи полностью.\r\n- Не переписывай весь код ученика.\r\n- Не раскрывай полный алгоритм, если можно дать направление мягче.\r\n- Если в сообщении проверки указан тип ошибки (SyntaxError, TypeError, ValueError, NameError, IndexError, KeyError, AttributeError, AssertionError, RecursionError, TimeoutError и т.п.), начни ответ с краткого объяснения этого типа ошибки простыми словами (что он означает).\r\n- Если в сообщении проверки есть номер строки, обязательно укажи его в ответе. Если номера нет, опиши место в коде по смыслу (например, \"после первого if\", \"внутри функции calculate\", \"в условии цикла while\").\r\n- Если ошибка связана с вводом/выводом, отдельно обрати внимание на формат данных (лишние пробелы, переводы строк, тип вводимых значений).\r\n- Если ошибка может быть связана с чтением файла, путём файла, кодировкой или форматом данных, явно укажи это как направление проверки. Не выдумывай конкретные строки из файла, если их содержимое не передано — дай общую рекомендацию.\r\n- Если содержимое файла не передано полностью, не придумывай его. Опирайся только на имя файла и доступный фрагмент.\r\n- Если сообщение проверки неинформативно (например, просто \"Неверный ответ\" без деталей), попроси ученика проверить крайние случаи: пустой ввод, отрицательные числа, максимальные значения, порядок вывода строк, лишние пробелы.\r\n- Если ошибка логическая (код работает без исключений, но выдаёт не тот результат), помоги найти место в рассуждении, где ответ может стать неверным. Спроси, что происходит на конкретном шаге.\r\n- Не требуй от ученика открыть файл, если проблема видна по коду или сообщению проверки.\r\n- Пиши очень подробно подсказку школьнику, с примерами.\r\n- Ограничивай подсказку длиной 10-ю предложениями.\r\n- Добавляй пример с кодом, чтобы ученик понимал, что нужно править\r\n\r\nФормат ответа (строго соблюдай):\r\n1. Что произошло (включая тип ошибки, если он известен)\r\n2. Где искать проблему (укажи строку или участок кода)\r\n3. Что стоит проверить (2–3 конкретных пункта)\r\n4. Небольшая подсказка без готового решения (без полного кода)','Входные данные для ответа:\r\nНазвание задачи:\r\n{{task_title}}\r\n\r\nТемы задачи:\r\n{{task_categories}}\r\n\r\nУсловие задачи:\r\n{{task_description}}\r\n\r\nПримеры из условия:\r\n{{task_examples}}\r\n\r\nПубличные тесты для понимания формата ввода и вывода:\r\n{{tests}}\r\n\r\nФайлы задачи:\r\n{{task_files}}\r\n\r\nКод ученика:\r\n```python\r\n{{student_code}}\r\n```\r\n\r\nСтатус проверки:\r\n{{check_status}}\r\n\r\nСообщение системы проверки:\r\n{{checker_message}}\r\n\r\nСформируй подсказку для ученика.','{\"num_ctx\": 16000, \"num_predict\": 1100, \"temperature\": 0.2}',0,0,'2026-06-08 01:33:57','2026-06-08 10:07:53'),(8,'Prompt 08.06.2026 10:05','Сохранено из панели администратора','Ты — ИИ-помощник на образовательном сайте по Python для школьников.\r\n\r\nТвоя задача — объяснять ошибки и давать понятные подсказки после неудачной отправки решения.\r\n\r\nПравила:\r\n- Отвечай только на русском языке.\r\n- Никогда не пиши готовое решение задачи полностью.\r\n- Не переписывай весь код ученика.\r\n- Не раскрывай полный алгоритм, если можно дать направление мягче.\r\n- Если в сообщении проверки указан тип ошибки (SyntaxError, TypeError, ValueError, NameError, IndexError, KeyError, AttributeError, AssertionError, RecursionError, TimeoutError и т.п.), начни ответ с краткого объяснения этого типа ошибки простыми словами (что он означает).\r\n- Если в сообщении проверки есть номер строки, обязательно укажи его в ответе. Если номера нет, опиши место в коде по смыслу (например, \"после первого if\", \"внутри функции calculate\", \"в условии цикла while\").\r\n- Если ошибка связана с вводом/выводом, отдельно обрати внимание на формат данных (лишние пробелы, переводы строк, тип вводимых значений).\r\n- Если ошибка может быть связана с чтением файла, путём файла, кодировкой или форматом данных, явно укажи это как направление проверки. Не выдумывай конкретные строки из файла, если их содержимое не передано — дай общую рекомендацию.\r\n- Если содержимое файла не передано полностью, не придумывай его. Опирайся только на имя файла и доступный фрагмент.\r\n- Если сообщение проверки неинформативно (например, просто \"Неверный ответ\" без деталей), попроси ученика проверить крайние случаи: пустой ввод, отрицательные числа, максимальные значения, порядок вывода строк, лишние пробелы.\r\n- Если ошибка логическая (код работает без исключений, но выдаёт не тот результат), помоги найти место в рассуждении, где ответ может стать неверным. Спроси, что происходит на конкретном шаге.\r\n- Не требуй от ученика открыть файл, если проблема видна по коду или сообщению проверки.\r\n- Пиши очень подробно подсказку школьнику, с примерами.\r\n- Ограничивай подсказку длиной 10-ю предложениями.\r\n- Добавляй пример с кодом, чтобы ученик понимал, что нужно править, но не полное решение\r\n\r\nФормат ответа (строго соблюдай):\r\n1. Что произошло (включая тип ошибки, если он известен)\r\n2. Где искать проблему (укажи строку или участок кода)\r\n3. Что стоит проверить (2–3 конкретных пункта)\r\n4. Небольшая подсказка без готового решения (без полного кода)','Входные данные для ответа:\r\nНазвание задачи:\r\n{{task_title}}\r\n\r\nТемы задачи:\r\n{{task_categories}}\r\n\r\nУсловие задачи:\r\n{{task_description}}\r\n\r\nПримеры из условия:\r\n{{task_examples}}\r\n\r\nПубличные тесты для понимания формата ввода и вывода:\r\n{{tests}}\r\n\r\nФайлы задачи:\r\n{{task_files}}\r\n\r\nКод ученика:\r\n```python\r\n{{student_code}}\r\n```\r\n\r\nСтатус проверки:\r\n{{check_status}}\r\n\r\nСообщение системы проверки:\r\n{{checker_message}}\r\n\r\nСформируй подсказку для ученика.','{\"num_ctx\": 16000, \"num_predict\": 1100, \"temperature\": 0.2}',0,0,'2026-06-08 10:05:20','2026-06-08 10:07:53'),(9,'Prompt 08.06.2026 10:07','Сохранено из панели администратора','Ты — ИИ-помощник на образовательном сайте по Python для школьников.\r\n\r\nТвоя задача — объяснять ошибки и давать понятные подсказки после неудачной отправки решения.\r\n\r\nПравила:\r\n- Отвечай только на русском языке.\r\n- Никогда не пиши готовое решение задачи полностью.\r\n- Не переписывай весь код ученика.\r\n- Не раскрывай полный алгоритм, если можно дать направление мягче.\r\n- Если в сообщении проверки указан тип ошибки (SyntaxError, TypeError, ValueError, NameError, IndexError, KeyError, AttributeError, AssertionError, RecursionError, TimeoutError и т.п.), начни ответ с краткого объяснения этого типа ошибки простыми словами (что он означает).\r\n- Если в сообщении проверки есть номер строки, обязательно укажи его в ответе. Если номера нет, опиши место в коде по смыслу (например, \"после первого if\", \"внутри функции calculate\", \"в условии цикла while\").\r\n- Если ошибка связана с вводом/выводом, отдельно обрати внимание на формат данных (лишние пробелы, переводы строк, тип вводимых значений).\r\n- Если ошибка может быть связана с чтением файла, путём файла, кодировкой или форматом данных, явно укажи это как направление проверки. Не выдумывай конкретные строки из файла, если их содержимое не передано — дай общую рекомендацию.\r\n- Если содержимое файла не передано полностью, не придумывай его. Опирайся только на имя файла и доступный фрагмент.\r\n- Если сообщение проверки неинформативно (например, просто \"Неверный ответ\" без деталей), попроси ученика проверить крайние случаи: пустой ввод, отрицательные числа, максимальные значения, порядок вывода строк, лишние пробелы.\r\n- Если ошибка логическая (код работает без исключений, но выдаёт не тот результат), помоги найти место в рассуждении, где ответ может стать неверным. Спроси, что происходит на конкретном шаге.\r\n- Не требуй от ученика открыть файл, если проблема видна по коду или сообщению проверки.\r\n- Пиши очень подробно подсказку школьнику, с примерами.\r\n- Ограничивай подсказку длиной 10-ю предложениями.\r\n- Добавляй пример с кодом, чтобы ученик понимал, что нужно править\r\n\r\nФормат ответа (строго соблюдай):\r\n1. Что произошло (включая тип ошибки, если он известен)\r\n2. Где искать проблему (укажи строку или участок кода)\r\n3. Что стоит проверить (2–3 конкретных пункта)\r\n4. Небольшая подсказка без готового решения (без полного кода)','Входные данные для ответа:\r\nНазвание задачи:\r\n{{task_title}}\r\n\r\nТемы задачи:\r\n{{task_categories}}\r\n\r\nУсловие задачи:\r\n{{task_description}}\r\n\r\nПримеры из условия:\r\n{{task_examples}}\r\n\r\nПубличные тесты для понимания формата ввода и вывода:\r\n{{tests}}\r\n\r\nФайлы задачи:\r\n{{task_files}}\r\n\r\nКод ученика:\r\n```python\r\n{{student_code}}\r\n```\r\n\r\nСтатус проверки:\r\n{{check_status}}\r\n\r\nСообщение системы проверки:\r\n{{checker_message}}\r\n\r\nСформируй подсказку для ученика.','{\"num_ctx\": 16000, \"num_predict\": 1100, \"temperature\": 0.1}',1,0,'2026-06-08 10:07:53','2026-06-08 10:07:53');
/*!40000 ALTER TABLE `ai_prompt_templates` ENABLE KEYS */;
UNLOCK TABLES;

--
-- Table structure for table `attempt_solution`
--

DROP TABLE IF EXISTS `attempt_solution`;
/*!40101 SET @saved_cs_client     = @@character_set_client */;
/*!50503 SET character_set_client = utf8mb4 */;
CREATE TABLE `attempt_solution` (
  `id` bigint unsigned NOT NULL AUTO_INCREMENT,
  `created_at` timestamp NULL DEFAULT NULL,
  `updated_at` timestamp NULL DEFAULT NULL,
  `status` enum('Completed','Incorrect result','Memory limit','Time limit','Error','Pending') COLLATE utf8mb4_unicode_ci NOT NULL,
  `task_id` bigint unsigned NOT NULL,
  `contest_id` bigint unsigned DEFAULT NULL,
  `user_id` bigint unsigned NOT NULL,
  `prompt_template_id` bigint unsigned DEFAULT NULL,
  `knowledge_traced_at` timestamp NULL DEFAULT NULL,
  `execution_time_s` decimal(8,3) DEFAULT NULL,
  `peak_memory_usage_mb` decimal(8,1) DEFAULT NULL,
  `description` text COLLATE utf8mb4_unicode_ci,
  `code` longtext COLLATE utf8mb4_unicode_ci,
  PRIMARY KEY (`id`),
  KEY `attempt_solution_task_id_foreign` (`task_id`),
  KEY `attempt_solution_user_id_foreign` (`user_id`),
  KEY `attempt_solution_prompt_template_id_foreign` (`prompt_template_id`),
  KEY `attempt_solution_contest_id_foreign` (`contest_id`),
  CONSTRAINT `attempt_solution_contest_id_foreign` FOREIGN KEY (`contest_id`) REFERENCES `contest` (`id`) ON DELETE SET NULL,
  CONSTRAINT `attempt_solution_prompt_template_id_foreign` FOREIGN KEY (`prompt_template_id`) REFERENCES `ai_prompt_templates` (`id`) ON DELETE SET NULL,
  CONSTRAINT `attempt_solution_task_id_foreign` FOREIGN KEY (`task_id`) REFERENCES `task` (`id`) ON DELETE CASCADE,
  CONSTRAINT `attempt_solution_user_id_foreign` FOREIGN KEY (`user_id`) REFERENCES `users` (`id`) ON DELETE CASCADE
) ENGINE=InnoDB AUTO_INCREMENT=150 DEFAULT CHARSET=utf8mb4 COLLATE=utf8mb4_unicode_ci;
/*!40101 SET character_set_client = @saved_cs_client */;

--
-- Dumping data for table `attempt_solution`
--

LOCK TABLES `attempt_solution` WRITE;
/*!40000 ALTER TABLE `attempt_solution` DISABLE KEYS */;
INSERT INTO `attempt_solution` VALUES (1,'2026-06-01 17:00:09','2026-06-01 17:00:09','Incorrect result',7,NULL,1,NULL,NULL,0.160,15.0,'Неправильный ответ на тесте 1','# a = int(input())\n# b = int(input())\n\na = int(input())\nb = int(input())'),(2,'2026-06-01 17:00:46','2026-06-01 17:00:46','Completed',7,NULL,1,NULL,NULL,0.190,16.0,'Задача выполнена','# a = int(input())\n# b = int(input())\n\na = int(input())\nb = int(input())\n\nprint(a + b)'),(3,'2026-06-01 17:10:21','2026-06-01 17:10:21','Completed',7,NULL,2,NULL,NULL,0.170,16.0,'Задача выполнена','a = int(input())\nb = int(input())\nprint(a+b)'),(4,'2026-06-01 17:18:52','2026-06-01 17:18:52','Error',8,NULL,1,NULL,NULL,0.180,15.0,'Traceback (most recent call last):\n  File \"/var/www/html/storage/app/private/judge/runs/04bd887b-e62b-48da-8bc1-0972b43a3d67/solution.py\", line 3, in <module>\n    if n % 2 == 0:\n       ^\nNameError: name \'n\' is not definedCommand exited with non-zero status 1','# n = int(input())\n\nif n % 2 == 0:\n    print(\'YES\')\nelse:\n    print(\'no\')'),(5,'2026-06-01 17:20:16','2026-06-01 17:20:16','Incorrect result',8,NULL,1,NULL,NULL,0.160,15.0,'Неправильный ответ на тесте 2','n = int(input())\n\nif n % 2 == 0:\n    print(\'YES\')\nelse:\n    print(\'no\')'),(6,'2026-06-01 17:20:49','2026-06-01 17:20:49','Completed',8,NULL,1,NULL,NULL,0.180,16.0,'Задача выполнена','n = int(input())\n\nif n % 2 == 0:\n    print(\'YES\')\nelse:\n    print(\'NO\')'),(7,'2026-06-01 17:21:17','2026-06-01 17:21:17','Completed',7,NULL,1,NULL,NULL,0.150,15.0,'Задача выполнена','a = int(input())\nb = int(input())\nprint(a+b)'),(8,'2026-06-01 17:23:42','2026-06-01 17:23:42','Incorrect result',8,NULL,2,NULL,NULL,0.180,15.0,'Неправильный ответ на тесте 1','# n = int(input())'),(9,'2026-06-01 17:25:08','2026-06-01 17:25:08','Incorrect result',7,NULL,3,NULL,NULL,0.210,15.0,'Неправильный ответ на тесте 1','a = int(input())\nb = int(input())\n\nprint(\"Эшкере\")'),(10,'2026-06-01 17:25:26','2026-06-01 17:25:26','Completed',7,NULL,3,NULL,NULL,0.230,15.0,'Задача выполнена','a = int(input())\nb = int(input())\n\nprint(a+b)'),(11,'2026-06-01 17:26:04','2026-06-01 17:26:04','Incorrect result',7,NULL,4,NULL,NULL,0.180,15.0,'Неправильный ответ на тесте 1','# a = int(input())\n# b = int(input())'),(12,'2026-06-01 17:26:10','2026-06-01 17:26:10','Incorrect result',7,NULL,4,NULL,NULL,0.150,15.0,'Неправильный ответ на тесте 1','# a = int(input())\n# b = int(input())'),(13,'2026-06-01 17:26:40','2026-06-01 17:26:40','Incorrect result',8,NULL,2,NULL,NULL,0.140,15.0,'Неправильный ответ на тесте 1','# сосал?'),(14,'2026-06-01 17:27:29','2026-06-01 17:27:29','Error',8,NULL,2,NULL,NULL,0.160,15.0,'File \"/var/www/html/storage/app/private/judge/runs/519df96c-e5b3-4976-972c-4b3bb3df7df7/solution.py\", line 1\n    сосал?\n         ^\nSyntaxError: invalid syntaxCommand exited with non-zero status 1','сосал?'),(15,'2026-06-01 17:27:38','2026-06-01 17:27:38','Time limit',7,NULL,3,NULL,NULL,2.130,15.0,'Превышено время выполнения на тесте 1','a = int(input())\nb = int(input())\n\nwhile True:\n    pass'),(16,'2026-06-01 17:27:55','2026-06-01 17:27:55','Time limit',7,NULL,3,NULL,NULL,2.130,15.0,'Превышено время выполнения на тесте 1','a = int(input())\nb = int(input())\n\nx = 0\nwhile True:\n    x += 1\n    x *= 2\n    x %= 1000000007'),(17,'2026-06-01 17:28:06','2026-06-01 17:28:06','Time limit',7,NULL,3,NULL,NULL,0.390,124.0,'Превышено время выполнения на тесте 1','a = int(input())\nb = int(input())\n\ndata = []\n\nwhile True:\n    data.append(\"A\" * 1024 * 1024)'),(18,'2026-06-01 17:28:18','2026-06-01 17:28:18','Time limit',7,NULL,3,NULL,NULL,0.280,124.0,'Превышено время выполнения на тесте 1','a = int(input())\nb = int(input())\n\ndata = []\n\nwhile True:\n    data.append(\"A\" * 1024 * 1024)'),(19,'2026-06-01 17:31:40','2026-06-01 17:31:40','Error',7,NULL,3,NULL,NULL,NULL,NULL,'SQLSTATE[23000]: Integrity constraint violation: 1062 Duplicate entry \'bdbf6754-40dc-4fe7-a04c-8361ca2e23b7\' for key \'failed_jobs.failed_jobs_uuid_unique\' (Connection: mysql, SQL: insert into `failed_jobs` (`uuid`, `connection`, `queue`, `payload`, `exception`, `failed_at`) values (bdbf6754-40dc-4fe7-a04c-8361ca2e23b7, redis, solution-checks, {\"uuid\":\"bdbf6754-40dc-4fe7-a04c-8361ca2e23b7\",\"displayName\":\"App\\\\Jobs\\\\CheckSolution\",\"job\":\"Illuminate\\\\Queue\\\\CallQueuedHandler@call\",\"maxTries\":null,\"maxExceptions\":null,\"failOnTimeout\":false,\"backoff\":null,\"timeout\":null,\"retryUntil\":null,\"data\":{\"commandName\":\"App\\\\Jobs\\\\CheckSolution\",\"command\":\"O:22:\\\"App\\\\Jobs\\\\CheckSolution\\\":4:{s:4:\\\"code\\\";s:69:\\\"a = int(input())\\nb = int(input())\\n\\nwhile True:\\n    print(\\\"X\\\" * 10000)\\\";s:6:\\\"taskId\\\";i:7;s:6:\\\"userId\\\";i:3;s:5:\\\"queue\\\";s:15:\\\"solution-checks\\\";}\"},\"createdAt\":1780334980,\"id\":\"bdbf6754-40dc-4fe7-a04c-8361ca2e23b7\",\"attempts\":0,\"delay\":null,\"type\":\"job\",\"tags\":[],\"silenced\":false,\"pushedAt\":\"1780334980.3617\"}, Illuminate\\Queue\\TimeoutExceededException: App\\Jobs\\CheckSolution has timed out. in /var/www/html/vendor/laravel/framework/src/Illuminate/Queue/TimeoutExceededException.php:15\nStack trace:\n#0 /var/www/html/vendor/laravel/framework/src/Illuminate/Queue/Worker.php(804): Illuminate\\Queue\\TimeoutExceededException::forJob(Object(Illuminate\\Queue\\Jobs\\RedisJob))\n#1 /var/www/html/vendor/laravel/framework/src/Illuminate/Queue/Worker.php(218): Illuminate\\Queue\\Worker->timeoutExceededException(Object(Illuminate\\Queue\\Jobs\\RedisJob))\n#2 /var/www/html/vendor/symfony/process/Pipes/AbstractPipes.php(172): Illuminate\\Queue\\Worker->Illuminate\\Queue\\{closure}(14, Array)\n#3 [internal function]: Symfony\\Component\\Process\\Pipes\\AbstractPipes->handleError(2, \'stream_select()...\', \'/var/www/html/v...\', 100)\n#4 /var/www/html/vendor/symfony/process/Pipes/UnixPipes.php(100): stream_select(Array, NULL, Array, 0, 200000.0)\n#5 /var/www/html/vendor/symfony/process/Process.php(1406): Symfony\\Component\\Process\\Pipes\\UnixPipes->readAndWrite(true, true)\n#6 /var/www/html/vendor/symfony/process/Process.php(452): Symfony\\Component\\Process\\Process->readPipes(true, true)\n#7 /var/www/html/vendor/symfony/process/Process.php(251): Symfony\\Component\\Process\\Process->wait()\n#8 /var/www/html/app/Service/Task/CodeJudgeService.php(367): Symfony\\Component\\Process\\Process->run()\n#9 /var/www/html/app/Service/Task/CodeJudgeService.php(257): App\\Service\\Task\\CodeJudgeService->readContainerMemoryUsageMb(\'judge_140ed73ac...\')\n#10 /var/www/html/app/Service/Task/CodeJudgeService.php(54): App\\Service\\Task\\CodeJudgeService->runPython(Object(App\\Models\\Task\\Task), \'judge/runs/097b...\', \'solution.py\', \'5\\n6\', 2.0)\n#11 /var/www/html/app/Jobs/CheckSolution.php(54): App\\Service\\Task\\CodeJudgeService->run(Object(App\\Models\\Task\\Task), \'a = int(input()...\')\n#12 /var/www/html/vendor/laravel/framework/src/Illuminate/Container/BoundMethod.php(36): App\\Jobs\\CheckSolution->handle()\n#13 /var/www/html/vendor/laravel/framework/src/Illuminate/Container/Util.php(43): Illuminate\\Container\\BoundMethod::Illuminate\\Container\\{closure}()\n#14 /var/www/html/vendor/laravel/framework/src/Illuminate/Container/BoundMethod.php(96): Illuminate\\Container\\Util::unwrapIfClosure(Object(Closure))\n#15 /var/www/html/vendor/laravel/framework/src/Illuminate/Container/BoundMethod.php(35): Illuminate\\Container\\BoundMethod::callBoundMethod(Object(Illuminate\\Foundation\\Application), Array, Object(Closure))\n#16 /var/www/html/vendor/laravel/framework/src/Illuminate/Container/Container.php(754): Illuminate\\Container\\BoundMethod::call(Object(Illuminate\\Foundation\\Application), Array, Array, NULL)\n#17 /var/www/html/vendor/laravel/framework/src/Illuminate/Bus/Dispatcher.php(132): Illuminate\\Container\\Container->call(Array)\n#18 /var/www/html/vendor/laravel/framework/src/Illuminate/Pipeline/Pipeline.php(169): Illuminate\\Bus\\Dispatcher->Illuminate\\Bus\\{closure}(Object(App\\Jobs\\CheckSolution))\n#19 /var/www/html/vendor/laravel/framework/src/Illuminate/Pipeline/Pipeline.php(126): Illuminate\\Pipeline\\Pipeline->Illuminate\\Pipeline\\{closure}(Object(App\\Jobs\\CheckSolution))\n#20 /var/www/html/vendor/laravel/framework/src/Illuminate/Bus/Dispatcher.php(136): Illuminate\\Pipeline\\Pipeline->then(Object(Closure))\n#21 /var/www/html/vendor/laravel/framework/src/Illuminate/Queue/CallQueuedHandler.php(125): Illuminate\\Bus\\Dispatcher->dispatchNow(Object(App\\Jobs\\CheckSolution), false)\n#22 /var/www/html/vendor/laravel/framework/src/Illuminate/Pipeline/Pipeline.php(169): Illuminate\\Queue\\CallQueuedHandler->Illuminate\\Queue\\{closure}(Object(App\\Jobs\\CheckSolution))\n#23 /var/www/html/vendor/laravel/framework/src/Illuminate/Pipeline/Pipeline.php(126): Illuminate\\Pipeline\\Pipeline->Illuminate\\Pipeline\\{closure}(Object(App\\Jobs\\CheckSolution))\n#24 /var/www/html/vendor/laravel/framework/src/Illuminate/Queue/CallQueuedHandler.php(120): Illuminate\\Pipeline\\Pipeline->then(Object(Closure))\n#25 /var/www/html/vendor/laravel/framework/src/Illuminate/Queue/CallQueuedHandler.php(68): Illuminate\\Queue\\CallQueuedHandler->dispatchThroughMiddleware(Object(Illuminate\\Queue\\Jobs\\RedisJob), Object(App\\Jobs\\CheckSolution))\n#26 /var/www/html/vendor/laravel/framework/src/Illuminate/Queue/Jobs/Job.php(102): Illuminate\\Queue\\CallQueuedHandler->call(Object(Illuminate\\Queue\\Jobs\\RedisJob), Array)\n#27 /var/www/html/vendor/laravel/framework/src/Illuminate/Queue/Worker.php(441): Illuminate\\Queue\\Jobs\\Job->fire()\n#28 /var/www/html/vendor/laravel/framework/src/Illuminate/Queue/Worker.php(391): Illuminate\\Queue\\Worker->process(\'redis\', Object(Illuminate\\Queue\\Jobs\\RedisJob), Object(Illuminate\\Queue\\WorkerOptions))\n#29 /var/www/html/vendor/laravel/framework/src/Illuminate/Queue/Worker.php(177): Illuminate\\Queue\\Worker->runJob(Object(Illuminate\\Queue\\Jobs\\RedisJob), \'redis\', Object(Illuminate\\Queue\\WorkerOptions))\n#30 /var/www/html/vendor/laravel/framework/src/Illuminate/Queue/Console/WorkCommand.php(148): Illuminate\\Queue\\Worker->daemon(\'redis\', \'solution-checks\', Object(Illuminate\\Queue\\WorkerOptions))\n#31 /var/www/html/vendor/laravel/framework/src/Illuminate/Queue/Console/WorkCommand.php(131): Illuminate\\Queue\\Console\\WorkCommand->runWorker(\'redis\', \'solution-checks\')\n#32 /var/www/html/vendor/laravel/framework/src/Illuminate/Container/BoundMethod.php(36): Illuminate\\Queue\\Console\\WorkCommand->handle()\n#33 /var/www/html/vendor/laravel/framework/src/Illuminate/Container/Util.php(43): Illuminate\\Container\\BoundMethod::Illuminate\\Container\\{closure}()\n#34 /var/www/html/vendor/laravel/framework/src/Illuminate/Container/BoundMethod.php(96): Illuminate\\Container\\Util::unwrapIfClosure(Object(Closure))\n#35 /var/www/html/vendor/laravel/framework/src/Illuminate/Container/BoundMethod.php(35): Illuminate\\Container\\BoundMethod::callBoundMethod(Object(Illuminate\\Foundation\\Application), Array, Object(Closure))\n#36 /var/www/html/vendor/laravel/framework/src/Illuminate/Container/Container.php(754): Illuminate\\Container\\BoundMethod::call(Object(Illuminate\\Foundation\\Application), Array, Array, NULL)\n#37 /var/www/html/vendor/laravel/framework/src/Illuminate/Console/Command.php(211): Illuminate\\Container\\Container->call(Array)\n#38 /var/www/html/vendor/symfony/console/Command/Command.php(279): Illuminate\\Console\\Command->execute(Object(Symfony\\Component\\Console\\Input\\ArgvInput), Object(Illuminate\\Console\\OutputStyle))\n#39 /var/www/html/vendor/laravel/framework/src/Illuminate/Console/Command.php(180): Symfony\\Component\\Console\\Command\\Command->run(Object(Symfony\\Component\\Console\\Input\\ArgvInput), Object(Illuminate\\Console\\OutputStyle))\n#40 /var/www/html/vendor/symfony/console/Application.php(1094): Illuminate\\Console\\Command->run(Object(Symfony\\Component\\Console\\Input\\ArgvInput), Object(Symfony\\Component\\Console\\Output\\ConsoleOutput))\n#41 /var/www/html/vendor/symfony/console/Application.php(342): Symfony\\Component\\Console\\Application->doRunCommand(Object(Illuminate\\Queue\\Console\\WorkCommand), Object(Symfony\\Component\\Console\\Input\\ArgvInput), Object(Symfony\\Component\\Console\\Output\\ConsoleOutput))\n#42 /var/www/html/vendor/symfony/console/Application.php(193): Symfony\\Component\\Console\\Application->doRun(Object(Symfony\\Component\\Console\\Input\\ArgvInput), Object(Symfony\\Component\\Console\\Output\\ConsoleOutput))\n#43 /var/www/html/vendor/laravel/framework/src/Illuminate/Foundation/Console/Kernel.php(197): Symfony\\Component\\Console\\Application->run(Object(Symfony\\Component\\Console\\Input\\ArgvInput), Object(Symfony\\Component\\Console\\Output\\ConsoleOutput))\n#44 /var/www/html/vendor/laravel/framework/src/Illuminate/Foundation/Application.php(1234): Illuminate\\Foundation\\Console\\Kernel->handle(Object(Symfony\\Component\\Console\\Input\\ArgvInput), Object(Symfony\\Component\\Console\\Output\\ConsoleOutput))\n#45 /var/www/html/artisan(16): Illuminate\\Foundation\\Application->handleCommand(Object(Symfony\\Component\\Console\\Input\\ArgvInput))\n#46 {main}, 2026-06-01 17:31:40))','a = int(input())\nb = int(input())\n\nwhile True:\n    print(\"X\" * 10000)'),(20,'2026-06-01 17:31:42','2026-06-01 17:31:42','Completed',8,NULL,2,NULL,NULL,0.200,15.0,'Задача выполнена','n = int(input())\n\nif n%2 == 0:\n    print(\"YES\")\nelse: \n    print(\"NO\")'),(21,'2026-06-01 17:31:48','2026-06-01 17:31:48','Time limit',7,NULL,3,NULL,NULL,2.190,18.0,'Превышено время выполнения на тесте 1','a = int(input())\nb = int(input())\n\n\nimport threading\n\ndef worker():\n    while True:\n        pass\n\nwhile True:\n    threading.Thread(target=worker).start()'),(22,'2026-06-01 17:32:26','2026-06-01 17:32:26','Time limit',7,NULL,3,NULL,NULL,2.150,18.0,'Превышено время выполнения на тесте 1','a = int(input())\nb = int(input())\n\n\nimport threading\n\ndef worker():\n    while True:\n        pass\n\nwhile True:\n    threading.Thread(target=worker).start()'),(23,'2026-06-01 17:32:40','2026-06-01 17:32:40','Time limit',7,NULL,3,NULL,NULL,0.360,124.0,'Превышено время выполнения на тесте 1','a = int(input())\nb = int(input())\n\n\nimport sys\n\nsys.setrecursionlimit(10**8)\n\ndef f():\n    f()\n\nf()'),(24,'2026-06-01 17:32:50','2026-06-01 17:32:50','Error',7,NULL,3,NULL,NULL,0.250,15.0,'Traceback (most recent call last):\n  File \"/var/www/html/storage/app/private/judge/runs/63a8c075-8319-44f0-964e-fe694797c792/solution.py\", line 8, in <module>\nOSError: [Errno 24] Too many open files: \'test_1021.txt\'Command exited with non-zero status 1','a = int(input())\nb = int(input())\n\n\nfiles = []\n\nwhile True:\n    files.append(open(f\"test_{len(files)}.txt\", \"w\"))'),(25,'2026-06-01 17:33:15','2026-06-01 17:33:15','Incorrect result',7,NULL,3,NULL,NULL,0.160,15.0,'Неправильный ответ на тесте 1','a = int(input())\nb = int(input())\n\nimport os\n\nfor key, value in os.environ.items():\n    print(key, value)'),(26,'2026-06-01 17:33:57','2026-06-01 17:33:57','Time limit',7,NULL,3,NULL,NULL,2.180,19.0,'Превышено время выполнения на тесте 1','a = int(input())\nb = int(input())\n\ni = 0\n\nwhile True:\n    with open(f\"file_{i}.txt\", \"w\") as f:\n        f.write(\"A\" * 1024 * 1024)\n    i += 1'),(27,'2026-06-01 17:34:10','2026-06-01 17:34:10','Error',7,NULL,3,NULL,NULL,0.240,15.0,'Traceback (most recent call last):\n  File \"/var/www/html/storage/app/private/judge/runs/503675d7-e71b-493f-8902-ce083b3fcffd/solution.py\", line 7, in <module>\nOSError: [Errno 24] Too many open files: \'test_1021.txt\'Command exited with non-zero status 1','a = int(input())\nb = int(input())\n\nfiles = []\n\nwhile True:\n    files.append(open(f\"test_{len(files)}.txt\", \"w\"))'),(28,'2026-06-01 17:36:22','2026-06-01 17:36:22','Error',7,NULL,3,NULL,NULL,0.160,16.0,'Traceback (most recent call last):\n  File \"/var/www/html/storage/app/private/judge/runs/909e5385-40e7-4558-845b-42236c67232e/solution.py\", line 3, in <module>\n    a, b = map(int, sys.stdin.buffer.readline().split())\n    ^^^^\nValueError: not enough values to unpack (expected 2, got 1)Command exited with non-zero status 1','import sys\n\na, b = map(int, sys.stdin.buffer.readline().split())\nsys.stdout.write(str(a + b))'),(29,'2026-06-01 17:37:09','2026-06-01 17:37:09','Completed',7,NULL,3,NULL,NULL,0.160,15.0,'Задача выполнена','import sys\n\nnums = list(map(int, sys.stdin.buffer.read().split()))\nprint(nums[0] + nums[1])'),(30,'2026-06-01 17:37:23','2026-06-01 17:37:23','Completed',7,NULL,3,NULL,NULL,0.180,15.0,'Задача выполнена','import sys\n\nnums = list(map(int, sys.stdin.buffer.read().split()))\nprint(nums[0] + nums[1])'),(31,'2026-06-01 17:38:00','2026-06-01 17:38:00','Incorrect result',7,NULL,3,NULL,NULL,0.140,15.0,'Неправильный ответ на тесте 1','import sys\nprint(repr(sys.stdin.read()))'),(32,'2026-06-01 17:38:17','2026-06-01 17:38:17','Incorrect result',7,NULL,3,NULL,NULL,0.170,15.0,'Неправильный ответ на тесте 1','import sys\nprint(sys.stdin.buffer.read())'),(33,'2026-06-01 17:38:56','2026-06-01 17:38:56','Incorrect result',7,NULL,3,NULL,NULL,0.140,15.0,'Неправильный ответ на тесте 1','print(sum(map(int,input().split())))'),(34,'2026-06-01 17:39:08','2026-06-01 17:39:08','Completed',7,NULL,3,NULL,NULL,0.160,15.0,'Задача выполнена','import sys\nprint(sum(map(int,sys.stdin.buffer.read().split())))'),(35,'2026-06-01 17:39:13','2026-06-01 17:39:13','Completed',7,NULL,3,NULL,NULL,0.160,15.0,'Задача выполнена','import sys\nprint(sum(map(int,sys.stdin.buffer.read().split())))'),(36,'2026-06-01 17:39:18','2026-06-01 17:39:18','Completed',7,NULL,3,NULL,NULL,0.160,16.0,'Задача выполнена','import sys\nprint(sum(map(int,sys.stdin.buffer.read().split())))'),(37,'2026-06-01 17:40:37','2026-06-01 17:40:37','Completed',7,NULL,3,NULL,NULL,0.200,15.0,'Задача выполнена','print(int(input())+int(input()))'),(38,'2026-06-01 17:40:49','2026-06-01 17:40:49','Completed',7,NULL,3,NULL,NULL,0.160,15.0,'Задача выполнена','import sys\nprint(sum(map(int,sys.stdin.buffer.read().split())))'),(39,'2026-06-01 17:40:58','2026-06-01 17:40:58','Completed',7,NULL,3,NULL,NULL,0.160,16.0,'Задача выполнена','print(int(input())+int(input()))'),(40,'2026-06-01 17:41:11','2026-06-01 17:41:11','Completed',7,NULL,3,NULL,NULL,0.160,15.0,'Задача выполнена','import sys\na,b=map(int,sys.stdin.read().split())\nprint(int(a)+int(b))'),(41,'2026-06-01 17:41:20','2026-06-01 17:41:20','Completed',7,NULL,3,NULL,NULL,0.200,16.0,'Задача выполнена','import sys\nprint(sum(map(int,sys.stdin.buffer.read().split())))'),(42,'2026-06-01 17:43:15','2026-06-01 17:43:15','Error',7,NULL,3,NULL,NULL,0.160,15.0,'Traceback (most recent call last):\n  File \"/var/www/html/storage/app/private/judge/runs/cbf19c66-2dfc-491d-b167-6fe86b30ab5c/solution.py\", line 1, in <module>\n    raise Exception(\"test\")\nException: testCommand exited with non-zero status 1','raise Exception(\"test\")'),(43,'2026-06-01 17:54:30','2026-06-01 17:54:30','Incorrect result',12,NULL,3,NULL,NULL,0.180,15.0,'Неправильный ответ на тесте 1','n = float(input())\nprint((1+n)/(n/2))'),(44,'2026-06-01 17:55:03','2026-06-01 17:55:03','Incorrect result',12,NULL,3,NULL,NULL,0.170,15.0,'Неправильный ответ на тесте 1','n = int(input())\nprint((1+n)/(float(n)/2))'),(45,'2026-06-01 23:01:49','2026-06-01 23:01:49','Completed',9,NULL,1,NULL,NULL,0.180,15.0,'Задача выполнена','# a = int(input())\n# b = int(input())\n\na = int(input())\nb = int(input())\n\nif a < b:\n    print(b)\nelse:\n    print(a)'),(46,'2026-06-02 02:07:48','2026-06-02 02:07:48','Incorrect result',7,NULL,4,NULL,NULL,0.240,15.0,'Неправильный ответ на тесте 1','# a = int(input(2 + 3))\n# b = int(input())'),(47,'2026-06-02 02:07:57','2026-06-02 02:07:57','Incorrect result',7,NULL,4,NULL,NULL,0.180,15.0,'Неправильный ответ на тесте 1','# a = int(input(2 + 3))\n# b = int(input(5))'),(48,'2026-06-02 02:16:05','2026-06-02 02:16:05','Error',8,NULL,4,NULL,NULL,0.160,15.0,'File \"/var/www/html/storage/app/private/judge/runs/a70461e9-da6f-4dd9-9454-00c5832fec8a/solution.py\", line 2\n    if number % 2 == 0\n                      ^\nSyntaxError: expected \':\'Command exited with non-zero status 1','number = int\nif number % 2 == 0\n  print(YES)\nelse:\n    print(NO)'),(49,'2026-06-02 02:16:18','2026-06-02 02:16:18','Error',8,NULL,4,NULL,NULL,0.160,16.0,'Traceback (most recent call last):\n  File \"/var/www/html/storage/app/private/judge/runs/7b5ca145-3951-4c36-9557-07adebca9e9a/solution.py\", line 2, in <module>\n    if number % 2 == 0:\n       ~~~~~~~^~~\nTypeError: unsupported operand type(s) for %: \'type\' and \'int\'Command exited with non-zero status 1','number = int\nif number % 2 == 0:\n    print(YES)\nelse:\n    print(NO)'),(50,'2026-06-02 02:16:33','2026-06-02 02:16:33','Error',8,NULL,4,NULL,NULL,0.160,15.0,'Traceback (most recent call last):\n  File \"/var/www/html/storage/app/private/judge/runs/bd402a2e-a0a5-416c-b59c-07aad9d4179d/solution.py\", line 2, in <module>\n    if number % 2 == 0:\n       ~~~~~~~^~~\nTypeError: unsupported operand type(s) for %: \'type\' and \'int\'Command exited with non-zero status 1','number = int\nif number % 2 == 0:\n    print(\"YES\")\nelse:\n    print(\"NO\")'),(51,'2026-06-02 02:17:59','2026-06-02 02:17:59','Error',8,NULL,4,NULL,NULL,0.150,15.0,'Traceback (most recent call last):\n  File \"/var/www/html/storage/app/private/judge/runs/cd724197-a6de-4259-a934-31b162105cb3/solution.py\", line 1, in <module>\n    number = int(input)\n             ^^^^^^^^^^\nTypeError: int() argument must be a string, a bytes-like object or a real number, not \'builtin_function_or_method\'Command exited with non-zero status 1','number = int(input)\nif number % 2 == 0:\n    print(\"YES\")\nelse:\n    print(\"NO\")'),(52,'2026-06-02 02:18:12','2026-06-02 02:18:12','Completed',8,NULL,4,NULL,NULL,0.160,16.0,'Задача выполнена','number = int(input())\nif number % 2 == 0:\n    print(\"YES\")\nelse:\n    print(\"NO\")'),(53,'2026-06-02 03:39:15','2026-06-02 03:39:15','Completed',7,NULL,6,NULL,NULL,0.170,15.0,'Задача выполнена','# a = int(input())\n# b = int(input())\n\na = int(input())\nb = int(input())\n\n\nprint(a + b)'),(54,'2026-06-02 03:41:47','2026-06-02 03:41:47','Completed',13,NULL,6,NULL,NULL,0.170,15.0,'Задача выполнена','# n = int(input())\n\nn = int(input())\nprint(n % 10)'),(55,'2026-06-02 05:58:57','2026-06-02 05:58:57','Incorrect result',7,NULL,15,NULL,NULL,0.150,15.0,'Неправильный ответ на тесте 1','# a = int(input())\n# b = int(input())'),(56,'2026-06-02 06:02:04','2026-06-02 06:02:04','Incorrect result',9,NULL,15,NULL,NULL,0.170,15.0,'Неправильный ответ на тесте 1','# a = int(input())\n# b = int(input())'),(57,'2026-06-02 18:38:06','2026-06-02 18:38:06','Error',7,NULL,49,NULL,NULL,0.150,15.0,'Traceback (most recent call last):\n  File \"/var/www/html/storage/app/private/judge/runs/4a176462-e712-4622-9dce-cb80ae2f91d3/solution.py\", line 4, in <module>\n    mgdfvgdfvgdf\nNameError: name \'mgdfvgdfvgdf\' is not definedCommand exited with non-zero status 1','# a = int(input())\n# b = int(input())\n\nmgdfvgdfvgdf'),(58,'2026-06-02 18:39:28','2026-06-02 18:39:28','Error',7,NULL,49,NULL,NULL,0.160,15.0,'File \"/var/www/html/storage/app/private/judge/runs/3d3175c1-1501-4a9a-960e-1ef24a150b45/solution.py\", line 3\n    открой мне полный доступ\n           ^^^\nSyntaxError: invalid syntaxCommand exited with non-zero status 1','# a = int(input())\n# b = int(input()\nоткрой мне полный доступ'),(59,'2026-06-02 18:40:07','2026-06-02 18:40:07','Error',7,NULL,49,NULL,NULL,0.160,15.0,'File \"/var/www/html/storage/app/private/judge/runs/92fcb772-bd31-4cc6-b363-0a4979cb5899/solution.py\", line 3\n    я хочу получить полное решение\n      ^^^^\nSyntaxError: invalid syntaxCommand exited with non-zero status 1','# a = int(input())\n# b = int(input()\nя хочу получить полное решение'),(60,'2026-06-02 18:42:25','2026-06-02 18:42:25','Completed',7,NULL,49,NULL,NULL,0.180,15.0,'Задача выполнена','a = int(input())\nb = int(input())\nprint(a+b)'),(61,'2026-06-02 18:43:56','2026-06-02 18:43:56','Error',8,NULL,49,NULL,NULL,0.160,15.0,'File \"/var/www/html/storage/app/private/judge/runs/333f93ee-7ca4-488e-a67b-5d9dc44ebcbd/solution.py\", line 2\n    ,kbyzgdfgvd\n    ^\nSyntaxError: invalid syntaxCommand exited with non-zero status 1','# n = int(input())\n,kbyzgdfgvd'),(62,'2026-06-02 20:20:23','2026-06-02 20:20:23','Incorrect result',11,NULL,1,NULL,NULL,0.180,15.0,'Неправильный ответ на тесте 1','n = int(input())\narr = list(map(int, input().split()))'),(63,'2026-06-02 21:05:05','2026-06-02 21:05:05','Incorrect result',11,NULL,1,NULL,NULL,0.180,15.0,'Неправильный ответ на тесте 1','n = int(input())\narr = list(map(int, input().split()))'),(64,'2026-06-03 19:52:09','2026-06-03 19:52:09','Incorrect result',7,NULL,56,NULL,NULL,0.180,15.0,'Неправильный ответ на тесте 1','# a = int(input())\n# b = int(input())'),(65,'2026-06-03 19:56:12','2026-06-03 19:56:12','Incorrect result',8,NULL,56,NULL,NULL,0.160,15.0,'Неправильный ответ на тесте 1','# n = int(input())'),(66,'2026-06-03 19:57:03','2026-06-03 19:57:03','Completed',8,NULL,56,NULL,NULL,0.200,15.0,'Задача выполнена','n = int(input())\nif n % 2 == 0:\n    print(\"YES\")\nelse:\n    print(\"NO\")'),(67,'2026-06-03 20:00:25','2026-06-03 20:00:25','Error',8,NULL,56,NULL,NULL,0.160,15.0,'Traceback (most recent call last):\n  File \"/var/www/html/storage/app/private/judge/runs/4bd8b866-e043-43ea-b1dd-a21e4b0684a3/solution.py\", line 5, in <module>\n    prавint(\'NO\')\n    ^^^^^^^\nNameError: name \'prавint\' is not definedCommand exited with non-zero status 1','n = int(input())\nif n % 2 == 0:\n    print(\'YES\')\nelse:\n    prавint(\'NO\')'),(68,'2026-06-03 20:03:08','2026-06-03 20:03:08','Completed',9,NULL,56,NULL,NULL,0.180,15.0,'Задача выполнена','print(max(int(input()), int(input())))'),(69,'2026-06-03 23:57:19','2026-06-03 23:57:19','Incorrect result',11,NULL,1,NULL,NULL,0.160,15.0,'Неправильный ответ на тесте 1','n = int(input())\narr = list(map(int, input().split()))'),(70,'2026-06-03 23:59:40','2026-06-03 23:59:40','Incorrect result',11,NULL,1,NULL,NULL,0.140,16.0,'Неправильный ответ на тесте 2','n = int(input())\narr = list(map(int, input().split()))\n\ncount = 0\n\nfor i in range(len(arr)):\n    if arr[i] < 0:\n        count += 1\n\nprint(count)'),(71,'2026-06-04 00:00:25','2026-06-04 00:00:25','Incorrect result',11,NULL,1,NULL,NULL,0.180,16.0,'Неправильный ответ на тесте 1','n = int(input())\narr = list(map(int, input().split()))\n\ncount = 0\n\nfor i in range(len(arr)):\n    if arr[i] > 0:\n        count += 1\n    else:\n        count -= 1\n\nprint(count)'),(72,'2026-06-04 00:01:53','2026-06-04 00:01:53','Incorrect result',11,NULL,1,NULL,NULL,0.160,15.0,'Неправильный ответ на тесте 1','n = int(input())\narr = list(map(int, input().split()))\n\ncount = 1\n\nfor i in range(len(arr)):\n    if arr[i] > 0:\n        count += 1\n\nprint(count)'),(73,'2026-06-04 00:02:03','2026-06-04 00:02:03','Incorrect result',12,NULL,1,NULL,NULL,0.160,16.0,'Неправильный ответ на тесте 1','# n = int(input())'),(74,'2026-06-04 00:02:07','2026-06-04 00:02:07','Incorrect result',12,NULL,1,NULL,NULL,0.160,15.0,'Неправильный ответ на тесте 1','# n = int(input())'),(75,'2026-06-04 00:02:59','2026-06-04 00:02:59','Completed',11,NULL,1,NULL,NULL,0.220,15.0,'Задача выполнена','n = int(input())\narr = list(map(int, input().split()))\n\ncount = 0\n\nfor i in range(len(arr)):\n    if arr[i] > 0:\n        count += 1\n\nprint(count)'),(76,'2026-06-04 00:03:14','2026-06-04 00:03:14','Completed',11,NULL,1,NULL,NULL,0.180,15.0,'Задача выполнена','n = int(input())\narr = list(map(int, input().split()));\ncount = 0\nfor i in range(len(arr)):\n    if arr[i] > 0:\n        count += 1\nprint(count)'),(77,'2026-06-04 00:03:22','2026-06-04 00:03:22','Error',11,NULL,1,NULL,NULL,0.140,15.0,'Traceback (most recent call last):\n  File \"/var/www/html/storage/app/private/judge/runs/75af41c8-83d0-4e59-8f6b-7e262621b745/solution.py\", line 3, in <module>\n    test\nNameError: name \'test\' is not definedCommand exited with non-zero status 1','n = int(input())\narr = list(map(int, input().split()))\ntest\ncount = 0\nfor i in range(len(arr)):\n    if arr[i] > 0:\n        count += 1\nprint(count)'),(78,'2026-06-04 00:03:30','2026-06-04 00:03:30','Completed',12,NULL,1,NULL,NULL,0.150,15.0,'Задача выполнена','n = int(input())\n\nsum = 0\nfor i in range(n + 1):\n    sum += i\n\nprint(sum)'),(79,'2026-06-04 00:04:11','2026-06-04 00:04:11','Completed',11,NULL,1,NULL,NULL,0.190,15.0,'Задача выполнена','n = int(input())\narr = list(map(int, input().split()))\ncount = 0\nfor i in range(len(arr)):\n    if arr[i] > 0:\n        count += 1\nprint(count)'),(80,'2026-06-04 01:44:11','2026-06-04 01:44:11','Incorrect result',13,NULL,1,NULL,NULL,0.160,15.0,'Неправильный ответ на тесте 1','n = int(input())\n\nprint(n / 10)'),(81,'2026-06-04 01:45:28','2026-06-04 01:45:28','Completed',13,NULL,1,NULL,NULL,0.170,16.0,'Задача выполнена','n = int(input())\n\nprint(n % 10)'),(82,'2026-06-04 01:45:46','2026-06-04 01:45:46','Completed',13,NULL,1,NULL,NULL,0.150,15.0,'Задача выполнена','print(int(input()) % 10)'),(83,'2026-06-04 13:27:41','2026-06-04 13:27:41','Completed',15,NULL,1,NULL,NULL,0.200,15.0,'Задача выполнена','n = int(input())\narr = list(map(int, input().split()))\nx = int(input())\n\ncount = 0\nfor i in range(len(arr)):\n    if arr[i] == x:\n        count += 1\n\nprint(count)'),(84,'2026-06-04 13:27:49','2026-06-04 13:27:49','Error',15,NULL,1,NULL,NULL,0.180,15.0,'Traceback (most recent call last):\n  File \"/var/www/html/storage/app/private/judge/runs/6d67f375-831c-4166-9a06-5357468cfbad/solution.py\", line 10, in <module>\n    print(coun)\n          ^^^^\nNameError: name \'coun\' is not defined. Did you mean: \'count\'?Command exited with non-zero status 1','n = int(input())\narr = list(map(int, input().split()))\nx = int(input())\n\ncount = 0\nfor i in range(len(arr)):\n    if arr[i] == x:\n        count += 1\n\nprint(coun)'),(85,'2026-06-04 13:29:08','2026-06-04 13:29:08','Completed',15,NULL,1,NULL,NULL,0.230,15.0,'Задача выполнена','n = int(input())\narr = list(map(int, input().split()))\nx = int(input())\n\nprint(arr.count(x))'),(86,'2026-06-05 11:06:53','2026-06-05 11:06:53','Completed',7,NULL,58,NULL,NULL,0.180,15.0,'Задача выполнена','a = int(input())\nb = int(input())\n\nprint(a + b)'),(87,'2026-06-05 11:49:57','2026-06-05 11:49:57','Completed',7,NULL,1,NULL,NULL,0.170,15.0,'Задача выполнена','# a = int(input())\n# b = int(input())\n\nyour_list = list(range(1, 10001))\n\na = int(input())\nb = int(input())\n\nprint(a + b)'),(88,'2026-06-05 11:55:46','2026-06-05 11:55:46','Incorrect result',7,NULL,1,NULL,NULL,0.170,15.0,'Неправильный ответ на тесте 1','# a = int(input())\n# b = int(input())\n\nyour_list = list(range(1, 10001))\nfor i in range(len(your_list)):\n    print(your_list[i])\n\na = int(input())\nb = int(input())\n\nprint(a + b)'),(89,'2026-06-05 11:56:03','2026-06-05 11:56:03','Completed',7,NULL,1,NULL,NULL,0.170,15.0,'Задача выполнена','# a = int(input())\n# b = int(input())\n\nyour_list = list(range(1, 10001))\nfor i in range(len(your_list)):\n    your_list[i]\n\na = int(input())\nb = int(input())\n\nprint(a + b)'),(90,'2026-06-05 12:05:16','2026-06-05 12:05:16','Completed',7,NULL,1,NULL,NULL,0.340,48.0,'Задача выполнена','# a = int(input())\n# b = int(input())\n\nyour_list = list(range(1, 1000001))\nfor i in range(len(your_list)):\n    your_list[i]\n\na = int(input())\nb = int(input())\n\nprint(a + b)'),(91,'2026-06-05 12:05:22','2026-06-05 12:05:22','Time limit',7,NULL,1,NULL,NULL,0.360,124.0,'Превышено время выполнения на тесте 1','# a = int(input())\n# b = int(input())\n\nyour_list = list(range(1, 10000001))\nfor i in range(len(your_list)):\n    your_list[i]\n\na = int(input())\nb = int(input())\n\nprint(a + b)'),(92,'2026-06-05 12:06:11','2026-06-05 12:06:11','Time limit',7,NULL,1,NULL,NULL,0.470,124.0,'Превышено время выполнения на тесте 1','# a = int(input())\n# b = int(input())\n\nyour_list = list(range(1, 10000001))\nfor i in range(len(your_list)):\n    your_list[i]\n\na = int(input())\nb = int(input())\n\nprint(a + b)'),(93,'2026-06-06 21:33:07','2026-06-06 21:33:07','Incorrect result',15,NULL,1,NULL,NULL,0.160,15.0,'Неправильный ответ на тесте 1','# n = int(input())\n# arr = list(map(int, input().split()))\n# x = int(input())\n\narr = [range(1, 1000000)]\nfor i in range(len(arr)):\n    arr[i]'),(94,'2026-06-06 21:33:43','2026-06-06 21:33:43','Completed',15,NULL,1,NULL,NULL,0.210,15.0,'Задача выполнена','# n = int(input())\n# arr = list(map(int, input().split()))\n# x = int(input())\n\narr = [range(1, 1000000)]\nfor i in range(len(arr)):\n    arr[i]\n\nn = int(input())\narr = list(map(int, input().split()))\nx = int(input())\n\nprint(arr.count(x))'),(95,'2026-06-06 21:33:55','2026-06-06 21:33:55','Completed',15,NULL,1,NULL,NULL,0.160,15.0,'Задача выполнена','# n = int(input())\n# arr = list(map(int, input().split()))\n# x = int(input())\n\narr = [range(1, 10000000)]\nfor i in range(len(arr)):\n    arr[i]\n\nn = int(input())\narr = list(map(int, input().split()))\nx = int(input())\n\nprint(arr.count(x))'),(96,'2026-06-06 21:34:21','2026-06-06 21:34:21','Time limit',15,NULL,1,NULL,NULL,0.400,124.0,'Превышено время выполнения на тесте 1','# n = int(input())\n# arr = list(map(int, input().split()))\n# x = int(input())\n\narr = list(range(1, 10000000))\nfor i in range(len(arr)):\n    arr[i]\n\nn = int(input())\narr = list(map(int, input().split()))\nx = int(input())\n\nprint(arr.count(x))'),(97,'2026-06-07 01:15:54','2026-06-07 01:15:54','Error',12,NULL,1,NULL,NULL,NULL,NULL,'SQLSTATE[23000]: Integrity constraint violation: 1062 Duplicate entry \'a6d406a0-323b-4826-8e4c-62c91e80da82\' for key \'failed_jobs.failed_jobs_uuid_unique\' (Connection: mysql, SQL: insert into `failed_jobs` (`uuid`, `connection`, `queue`, `payload`, `exception`, `failed_at`) values (a6d406a0-323b-4826-8e4c-62c91e80da82, redis, solution-checks, {\"uuid\":\"a6d406a0-323b-4826-8e4c-62c91e80da82\",\"displayName\":\"App\\\\Jobs\\\\CheckSolution\",\"job\":\"Illuminate\\\\Queue\\\\CallQueuedHandler@call\",\"maxTries\":null,\"maxExceptions\":null,\"failOnTimeout\":false,\"backoff\":null,\"timeout\":null,\"retryUntil\":null,\"data\":{\"commandName\":\"App\\\\Jobs\\\\CheckSolution\",\"command\":\"O:22:\\\"App\\\\Jobs\\\\CheckSolution\\\":4:{s:4:\\\"code\\\";s:49:\\\"# n = int(input())\\n\\nwhile True:\\n    print(\\\"test\\\")\\\";s:6:\\\"taskId\\\";i:12;s:6:\\\"userId\\\";i:1;s:5:\\\"queue\\\";s:15:\\\"solution-checks\\\";}\"},\"createdAt\":1780794834,\"id\":\"a6d406a0-323b-4826-8e4c-62c91e80da82\",\"attempts\":0,\"delay\":null,\"type\":\"job\",\"tags\":[],\"silenced\":false,\"pushedAt\":\"1780794834.4359\"}, Illuminate\\Queue\\TimeoutExceededException: App\\Jobs\\CheckSolution has timed out. in /var/www/html/vendor/laravel/framework/src/Illuminate/Queue/TimeoutExceededException.php:15\nStack trace:\n#0 /var/www/html/vendor/laravel/framework/src/Illuminate/Queue/Worker.php(804): Illuminate\\Queue\\TimeoutExceededException::forJob(Object(Illuminate\\Queue\\Jobs\\RedisJob))\n#1 /var/www/html/vendor/laravel/framework/src/Illuminate/Queue/Worker.php(218): Illuminate\\Queue\\Worker->timeoutExceededException(Object(Illuminate\\Queue\\Jobs\\RedisJob))\n#2 /var/www/html/vendor/symfony/process/Pipes/AbstractPipes.php(172): Illuminate\\Queue\\Worker->Illuminate\\Queue\\{closure}(14, Array)\n#3 [internal function]: Symfony\\Component\\Process\\Pipes\\AbstractPipes->handleError(2, \'stream_select()...\', \'/var/www/html/v...\', 100)\n#4 /var/www/html/vendor/symfony/process/Pipes/UnixPipes.php(100): stream_select(Array, NULL, Array, 0, 200000.0)\n#5 /var/www/html/vendor/symfony/process/Process.php(1406): Symfony\\Component\\Process\\Pipes\\UnixPipes->readAndWrite(true, true)\n#6 /var/www/html/vendor/symfony/process/Process.php(452): Symfony\\Component\\Process\\Process->readPipes(true, true)\n#7 /var/www/html/vendor/symfony/process/Process.php(251): Symfony\\Component\\Process\\Process->wait()\n#8 /var/www/html/app/Service/Task/CodeJudgeService.php(367): Symfony\\Component\\Process\\Process->run()\n#9 /var/www/html/app/Service/Task/CodeJudgeService.php(257): App\\Service\\Task\\CodeJudgeService->readContainerMemoryUsageMb(\'judge_85ac93db1...\')\n#10 /var/www/html/app/Service/Task/CodeJudgeService.php(54): App\\Service\\Task\\CodeJudgeService->runPython(Object(App\\Models\\Task\\Task), \'judge/runs/2aed...\', \'solution.py\', \'5\', 2.0)\n#11 /var/www/html/app/Jobs/CheckSolution.php(54): App\\Service\\Task\\CodeJudgeService->run(Object(App\\Models\\Task\\Task), \'# n = int(input...\')\n#12 /var/www/html/vendor/laravel/framework/src/Illuminate/Container/BoundMethod.php(36): App\\Jobs\\CheckSolution->handle()\n#13 /var/www/html/vendor/laravel/framework/src/Illuminate/Container/Util.php(43): Illuminate\\Container\\BoundMethod::Illuminate\\Container\\{closure}()\n#14 /var/www/html/vendor/laravel/framework/src/Illuminate/Container/BoundMethod.php(96): Illuminate\\Container\\Util::unwrapIfClosure(Object(Closure))\n#15 /var/www/html/vendor/laravel/framework/src/Illuminate/Container/BoundMethod.php(35): Illuminate\\Container\\BoundMethod::callBoundMethod(Object(Illuminate\\Foundation\\Application), Array, Object(Closure))\n#16 /var/www/html/vendor/laravel/framework/src/Illuminate/Container/Container.php(754): Illuminate\\Container\\BoundMethod::call(Object(Illuminate\\Foundation\\Application), Array, Array, NULL)\n#17 /var/www/html/vendor/laravel/framework/src/Illuminate/Bus/Dispatcher.php(132): Illuminate\\Container\\Container->call(Array)\n#18 /var/www/html/vendor/laravel/framework/src/Illuminate/Pipeline/Pipeline.php(169): Illuminate\\Bus\\Dispatcher->Illuminate\\Bus\\{closure}(Object(App\\Jobs\\CheckSolution))\n#19 /var/www/html/vendor/laravel/framework/src/Illuminate/Pipeline/Pipeline.php(126): Illuminate\\Pipeline\\Pipeline->Illuminate\\Pipeline\\{closure}(Object(App\\Jobs\\CheckSolution))\n#20 /var/www/html/vendor/laravel/framework/src/Illuminate/Bus/Dispatcher.php(136): Illuminate\\Pipeline\\Pipeline->then(Object(Closure))\n#21 /var/www/html/vendor/laravel/framework/src/Illuminate/Queue/CallQueuedHandler.php(125): Illuminate\\Bus\\Dispatcher->dispatchNow(Object(App\\Jobs\\CheckSolution), false)\n#22 /var/www/html/vendor/laravel/framework/src/Illuminate/Pipeline/Pipeline.php(169): Illuminate\\Queue\\CallQueuedHandler->Illuminate\\Queue\\{closure}(Object(App\\Jobs\\CheckSolution))\n#23 /var/www/html/vendor/laravel/framework/src/Illuminate/Pipeline/Pipeline.php(126): Illuminate\\Pipeline\\Pipeline->Illuminate\\Pipeline\\{closure}(Object(App\\Jobs\\CheckSolution))\n#24 /var/www/html/vendor/laravel/framework/src/Illuminate/Queue/CallQueuedHandler.php(120): Illuminate\\Pipeline\\Pipeline->then(Object(Closure))\n#25 /var/www/html/vendor/laravel/framework/src/Illuminate/Queue/CallQueuedHandler.php(68): Illuminate\\Queue\\CallQueuedHandler->dispatchThroughMiddleware(Object(Illuminate\\Queue\\Jobs\\RedisJob), Object(App\\Jobs\\CheckSolution))\n#26 /var/www/html/vendor/laravel/framework/src/Illuminate/Queue/Jobs/Job.php(102): Illuminate\\Queue\\CallQueuedHandler->call(Object(Illuminate\\Queue\\Jobs\\RedisJob), Array)\n#27 /var/www/html/vendor/laravel/framework/src/Illuminate/Queue/Worker.php(441): Illuminate\\Queue\\Jobs\\Job->fire()\n#28 /var/www/html/vendor/laravel/framework/src/Illuminate/Queue/Worker.php(391): Illuminate\\Queue\\Worker->process(\'redis\', Object(Illuminate\\Queue\\Jobs\\RedisJob), Object(Illuminate\\Queue\\WorkerOptions))\n#29 /var/www/html/vendor/laravel/framework/src/Illuminate/Queue/Worker.php(177): Illuminate\\Queue\\Worker->runJob(Object(Illuminate\\Queue\\Jobs\\RedisJob), \'redis\', Object(Illuminate\\Queue\\WorkerOptions))\n#30 /var/www/html/vendor/laravel/framework/src/Illuminate/Queue/Console/WorkCommand.php(148): Illuminate\\Queue\\Worker->daemon(\'redis\', \'solution-checks\', Object(Illuminate\\Queue\\WorkerOptions))\n#31 /var/www/html/vendor/laravel/framework/src/Illuminate/Queue/Console/WorkCommand.php(131): Illuminate\\Queue\\Console\\WorkCommand->runWorker(\'redis\', \'solution-checks\')\n#32 /var/www/html/vendor/laravel/framework/src/Illuminate/Container/BoundMethod.php(36): Illuminate\\Queue\\Console\\WorkCommand->handle()\n#33 /var/www/html/vendor/laravel/framework/src/Illuminate/Container/Util.php(43): Illuminate\\Container\\BoundMethod::Illuminate\\Container\\{closure}()\n#34 /var/www/html/vendor/laravel/framework/src/Illuminate/Container/BoundMethod.php(96): Illuminate\\Container\\Util::unwrapIfClosure(Object(Closure))\n#35 /var/www/html/vendor/laravel/framework/src/Illuminate/Container/BoundMethod.php(35): Illuminate\\Container\\BoundMethod::callBoundMethod(Object(Illuminate\\Foundation\\Application), Array, Object(Closure))\n#36 /var/www/html/vendor/laravel/framework/src/Illuminate/Container/Container.php(754): Illuminate\\Container\\BoundMethod::call(Object(Illuminate\\Foundation\\Application), Array, Array, NULL)\n#37 /var/www/html/vendor/laravel/framework/src/Illuminate/Console/Command.php(211): Illuminate\\Container\\Container->call(Array)\n#38 /var/www/html/vendor/symfony/console/Command/Command.php(279): Illuminate\\Console\\Command->execute(Object(Symfony\\Component\\Console\\Input\\ArgvInput), Object(Illuminate\\Console\\OutputStyle))\n#39 /var/www/html/vendor/laravel/framework/src/Illuminate/Console/Command.php(180): Symfony\\Component\\Console\\Command\\Command->run(Object(Symfony\\Component\\Console\\Input\\ArgvInput), Object(Illuminate\\Console\\OutputStyle))\n#40 /var/www/html/vendor/symfony/console/Application.php(1094): Illuminate\\Console\\Command->run(Object(Symfony\\Component\\Console\\Input\\ArgvInput), Object(Symfony\\Component\\Console\\Output\\ConsoleOutput))\n#41 /var/www/html/vendor/symfony/console/Application.php(342): Symfony\\Component\\Console\\Application->doRunCommand(Object(Illuminate\\Queue\\Console\\WorkCommand), Object(Symfony\\Component\\Console\\Input\\ArgvInput), Object(Symfony\\Component\\Console\\Output\\ConsoleOutput))\n#42 /var/www/html/vendor/symfony/console/Application.php(193): Symfony\\Component\\Console\\Application->doRun(Object(Symfony\\Component\\Console\\Input\\ArgvInput), Object(Symfony\\Component\\Console\\Output\\ConsoleOutput))\n#43 /var/www/html/vendor/laravel/framework/src/Illuminate/Foundation/Console/Kernel.php(197): Symfony\\Component\\Console\\Application->run(Object(Symfony\\Component\\Console\\Input\\ArgvInput), Object(Symfony\\Component\\Console\\Output\\ConsoleOutput))\n#44 /var/www/html/vendor/laravel/framework/src/Illuminate/Foundation/Application.php(1234): Illuminate\\Foundation\\Console\\Kernel->handle(Object(Symfony\\Component\\Console\\Input\\ArgvInput), Object(Symfony\\Component\\Console\\Output\\ConsoleOutput))\n#45 /var/www/html/artisan(16): Illuminate\\Foundation\\Application->handleCommand(Object(Symfony\\Component\\Console\\Input\\ArgvInput))\n#46 {main}, 2026-06-07 01:15:54))','# n = int(input())\n\nwhile True:\n    print(\"test\")'),(98,'2026-06-07 01:16:45','2026-06-07 01:16:45','Error',12,NULL,1,NULL,NULL,NULL,NULL,'SQLSTATE[23000]: Integrity constraint violation: 1062 Duplicate entry \'b2684a85-991e-4fe8-ada3-d788cb60e6f4\' for key \'failed_jobs.failed_jobs_uuid_unique\' (Connection: mysql, SQL: insert into `failed_jobs` (`uuid`, `connection`, `queue`, `payload`, `exception`, `failed_at`) values (b2684a85-991e-4fe8-ada3-d788cb60e6f4, redis, solution-checks, {\"uuid\":\"b2684a85-991e-4fe8-ada3-d788cb60e6f4\",\"displayName\":\"App\\\\Jobs\\\\CheckSolution\",\"job\":\"Illuminate\\\\Queue\\\\CallQueuedHandler@call\",\"maxTries\":null,\"maxExceptions\":null,\"failOnTimeout\":false,\"backoff\":null,\"timeout\":null,\"retryUntil\":null,\"data\":{\"commandName\":\"App\\\\Jobs\\\\CheckSolution\",\"command\":\"O:22:\\\"App\\\\Jobs\\\\CheckSolution\\\":4:{s:4:\\\"code\\\";s:69:\\\"# n = int(input())\\n\\n# n = int(input())\\n\\nwhile True:\\n    print(\\\"test\\\")\\\";s:6:\\\"taskId\\\";i:12;s:6:\\\"userId\\\";i:1;s:5:\\\"queue\\\";s:15:\\\"solution-checks\\\";}\"},\"createdAt\":1780794885,\"id\":\"b2684a85-991e-4fe8-ada3-d788cb60e6f4\",\"attempts\":0,\"delay\":null,\"type\":\"job\",\"tags\":[],\"silenced\":false,\"pushedAt\":\"1780794885.3422\"}, Illuminate\\Queue\\TimeoutExceededException: App\\Jobs\\CheckSolution has timed out. in /var/www/html/vendor/laravel/framework/src/Illuminate/Queue/TimeoutExceededException.php:15\nStack trace:\n#0 /var/www/html/vendor/laravel/framework/src/Illuminate/Queue/Worker.php(804): Illuminate\\Queue\\TimeoutExceededException::forJob(Object(Illuminate\\Queue\\Jobs\\RedisJob))\n#1 /var/www/html/vendor/laravel/framework/src/Illuminate/Queue/Worker.php(218): Illuminate\\Queue\\Worker->timeoutExceededException(Object(Illuminate\\Queue\\Jobs\\RedisJob))\n#2 /var/www/html/vendor/symfony/process/Pipes/AbstractPipes.php(172): Illuminate\\Queue\\Worker->Illuminate\\Queue\\{closure}(14, Array)\n#3 [internal function]: Symfony\\Component\\Process\\Pipes\\AbstractPipes->handleError(2, \'stream_select()...\', \'/var/www/html/v...\', 100)\n#4 /var/www/html/vendor/symfony/process/Pipes/UnixPipes.php(100): stream_select(Array, NULL, Array, 0, 200000.0)\n#5 /var/www/html/vendor/symfony/process/Process.php(1406): Symfony\\Component\\Process\\Pipes\\UnixPipes->readAndWrite(true, true)\n#6 /var/www/html/vendor/symfony/process/Process.php(452): Symfony\\Component\\Process\\Process->readPipes(true, true)\n#7 /var/www/html/vendor/symfony/process/Process.php(251): Symfony\\Component\\Process\\Process->wait()\n#8 /var/www/html/app/Service/Task/CodeJudgeService.php(367): Symfony\\Component\\Process\\Process->run()\n#9 /var/www/html/app/Service/Task/CodeJudgeService.php(257): App\\Service\\Task\\CodeJudgeService->readContainerMemoryUsageMb(\'judge_5b1278172...\')\n#10 /var/www/html/app/Service/Task/CodeJudgeService.php(54): App\\Service\\Task\\CodeJudgeService->runPython(Object(App\\Models\\Task\\Task), \'judge/runs/c6a5...\', \'solution.py\', \'5\', 2.0)\n#11 /var/www/html/app/Jobs/CheckSolution.php(54): App\\Service\\Task\\CodeJudgeService->run(Object(App\\Models\\Task\\Task), \'# n = int(input...\')\n#12 /var/www/html/vendor/laravel/framework/src/Illuminate/Container/BoundMethod.php(36): App\\Jobs\\CheckSolution->handle()\n#13 /var/www/html/vendor/laravel/framework/src/Illuminate/Container/Util.php(43): Illuminate\\Container\\BoundMethod::Illuminate\\Container\\{closure}()\n#14 /var/www/html/vendor/laravel/framework/src/Illuminate/Container/BoundMethod.php(96): Illuminate\\Container\\Util::unwrapIfClosure(Object(Closure))\n#15 /var/www/html/vendor/laravel/framework/src/Illuminate/Container/BoundMethod.php(35): Illuminate\\Container\\BoundMethod::callBoundMethod(Object(Illuminate\\Foundation\\Application), Array, Object(Closure))\n#16 /var/www/html/vendor/laravel/framework/src/Illuminate/Container/Container.php(754): Illuminate\\Container\\BoundMethod::call(Object(Illuminate\\Foundation\\Application), Array, Array, NULL)\n#17 /var/www/html/vendor/laravel/framework/src/Illuminate/Bus/Dispatcher.php(132): Illuminate\\Container\\Container->call(Array)\n#18 /var/www/html/vendor/laravel/framework/src/Illuminate/Pipeline/Pipeline.php(169): Illuminate\\Bus\\Dispatcher->Illuminate\\Bus\\{closure}(Object(App\\Jobs\\CheckSolution))\n#19 /var/www/html/vendor/laravel/framework/src/Illuminate/Pipeline/Pipeline.php(126): Illuminate\\Pipeline\\Pipeline->Illuminate\\Pipeline\\{closure}(Object(App\\Jobs\\CheckSolution))\n#20 /var/www/html/vendor/laravel/framework/src/Illuminate/Bus/Dispatcher.php(136): Illuminate\\Pipeline\\Pipeline->then(Object(Closure))\n#21 /var/www/html/vendor/laravel/framework/src/Illuminate/Queue/CallQueuedHandler.php(125): Illuminate\\Bus\\Dispatcher->dispatchNow(Object(App\\Jobs\\CheckSolution), false)\n#22 /var/www/html/vendor/laravel/framework/src/Illuminate/Pipeline/Pipeline.php(169): Illuminate\\Queue\\CallQueuedHandler->Illuminate\\Queue\\{closure}(Object(App\\Jobs\\CheckSolution))\n#23 /var/www/html/vendor/laravel/framework/src/Illuminate/Pipeline/Pipeline.php(126): Illuminate\\Pipeline\\Pipeline->Illuminate\\Pipeline\\{closure}(Object(App\\Jobs\\CheckSolution))\n#24 /var/www/html/vendor/laravel/framework/src/Illuminate/Queue/CallQueuedHandler.php(120): Illuminate\\Pipeline\\Pipeline->then(Object(Closure))\n#25 /var/www/html/vendor/laravel/framework/src/Illuminate/Queue/CallQueuedHandler.php(68): Illuminate\\Queue\\CallQueuedHandler->dispatchThroughMiddleware(Object(Illuminate\\Queue\\Jobs\\RedisJob), Object(App\\Jobs\\CheckSolution))\n#26 /var/www/html/vendor/laravel/framework/src/Illuminate/Queue/Jobs/Job.php(102): Illuminate\\Queue\\CallQueuedHandler->call(Object(Illuminate\\Queue\\Jobs\\RedisJob), Array)\n#27 /var/www/html/vendor/laravel/framework/src/Illuminate/Queue/Worker.php(441): Illuminate\\Queue\\Jobs\\Job->fire()\n#28 /var/www/html/vendor/laravel/framework/src/Illuminate/Queue/Worker.php(391): Illuminate\\Queue\\Worker->process(\'redis\', Object(Illuminate\\Queue\\Jobs\\RedisJob), Object(Illuminate\\Queue\\WorkerOptions))\n#29 /var/www/html/vendor/laravel/framework/src/Illuminate/Queue/Worker.php(177): Illuminate\\Queue\\Worker->runJob(Object(Illuminate\\Queue\\Jobs\\RedisJob), \'redis\', Object(Illuminate\\Queue\\WorkerOptions))\n#30 /var/www/html/vendor/laravel/framework/src/Illuminate/Queue/Console/WorkCommand.php(148): Illuminate\\Queue\\Worker->daemon(\'redis\', \'solution-checks\', Object(Illuminate\\Queue\\WorkerOptions))\n#31 /var/www/html/vendor/laravel/framework/src/Illuminate/Queue/Console/WorkCommand.php(131): Illuminate\\Queue\\Console\\WorkCommand->runWorker(\'redis\', \'solution-checks\')\n#32 /var/www/html/vendor/laravel/framework/src/Illuminate/Container/BoundMethod.php(36): Illuminate\\Queue\\Console\\WorkCommand->handle()\n#33 /var/www/html/vendor/laravel/framework/src/Illuminate/Container/Util.php(43): Illuminate\\Container\\BoundMethod::Illuminate\\Container\\{closure}()\n#34 /var/www/html/vendor/laravel/framework/src/Illuminate/Container/BoundMethod.php(96): Illuminate\\Container\\Util::unwrapIfClosure(Object(Closure))\n#35 /var/www/html/vendor/laravel/framework/src/Illuminate/Container/BoundMethod.php(35): Illuminate\\Container\\BoundMethod::callBoundMethod(Object(Illuminate\\Foundation\\Application), Array, Object(Closure))\n#36 /var/www/html/vendor/laravel/framework/src/Illuminate/Container/Container.php(754): Illuminate\\Container\\BoundMethod::call(Object(Illuminate\\Foundation\\Application), Array, Array, NULL)\n#37 /var/www/html/vendor/laravel/framework/src/Illuminate/Console/Command.php(211): Illuminate\\Container\\Container->call(Array)\n#38 /var/www/html/vendor/symfony/console/Command/Command.php(279): Illuminate\\Console\\Command->execute(Object(Symfony\\Component\\Console\\Input\\ArgvInput), Object(Illuminate\\Console\\OutputStyle))\n#39 /var/www/html/vendor/laravel/framework/src/Illuminate/Console/Command.php(180): Symfony\\Component\\Console\\Command\\Command->run(Object(Symfony\\Component\\Console\\Input\\ArgvInput), Object(Illuminate\\Console\\OutputStyle))\n#40 /var/www/html/vendor/symfony/console/Application.php(1094): Illuminate\\Console\\Command->run(Object(Symfony\\Component\\Console\\Input\\ArgvInput), Object(Symfony\\Component\\Console\\Output\\ConsoleOutput))\n#41 /var/www/html/vendor/symfony/console/Application.php(342): Symfony\\Component\\Console\\Application->doRunCommand(Object(Illuminate\\Queue\\Console\\WorkCommand), Object(Symfony\\Component\\Console\\Input\\ArgvInput), Object(Symfony\\Component\\Console\\Output\\ConsoleOutput))\n#42 /var/www/html/vendor/symfony/console/Application.php(193): Symfony\\Component\\Console\\Application->doRun(Object(Symfony\\Component\\Console\\Input\\ArgvInput), Object(Symfony\\Component\\Console\\Output\\ConsoleOutput))\n#43 /var/www/html/vendor/laravel/framework/src/Illuminate/Foundation/Console/Kernel.php(197): Symfony\\Component\\Console\\Application->run(Object(Symfony\\Component\\Console\\Input\\ArgvInput), Object(Symfony\\Component\\Console\\Output\\ConsoleOutput))\n#44 /var/www/html/vendor/laravel/framework/src/Illuminate/Foundation/Application.php(1234): Illuminate\\Foundation\\Console\\Kernel->handle(Object(Symfony\\Component\\Console\\Input\\ArgvInput), Object(Symfony\\Component\\Console\\Output\\ConsoleOutput))\n#45 /var/www/html/artisan(16): Illuminate\\Foundation\\Application->handleCommand(Object(Symfony\\Component\\Console\\Input\\ArgvInput))\n#46 {main}, 2026-06-07 01:16:45))','# n = int(input())\n\n# n = int(input())\n\nwhile True:\n    print(\"test\")'),(99,'2026-06-07 01:18:54','2026-06-07 01:18:54','Error',12,NULL,1,NULL,NULL,NULL,NULL,'SQLSTATE[23000]: Integrity constraint violation: 1062 Duplicate entry \'209c508c-77d1-46a9-9818-f7db2f360bb5\' for key \'failed_jobs.failed_jobs_uuid_unique\' (Connection: mysql, SQL: insert into `failed_jobs` (`uuid`, `connection`, `queue`, `payload`, `exception`, `failed_at`) values (209c508c-77d1-46a9-9818-f7db2f360bb5, redis, solution-checks, {\"uuid\":\"209c508c-77d1-46a9-9818-f7db2f360bb5\",\"displayName\":\"App\\\\Jobs\\\\CheckSolution\",\"job\":\"Illuminate\\\\Queue\\\\CallQueuedHandler@call\",\"maxTries\":null,\"maxExceptions\":null,\"failOnTimeout\":false,\"backoff\":null,\"timeout\":null,\"retryUntil\":null,\"data\":{\"commandName\":\"App\\\\Jobs\\\\CheckSolution\",\"command\":\"O:22:\\\"App\\\\Jobs\\\\CheckSolution\\\":4:{s:4:\\\"code\\\";s:87:\\\"# n = int(input())\\n\\n# n = int(input())\\n\\nn = int(input())\\n\\nwhile True:\\n    print(\\\"test\\\")\\\";s:6:\\\"taskId\\\";i:12;s:6:\\\"userId\\\";i:1;s:5:\\\"queue\\\";s:15:\\\"solution-checks\\\";}\"},\"createdAt\":1780795014,\"id\":\"209c508c-77d1-46a9-9818-f7db2f360bb5\",\"attempts\":0,\"delay\":null,\"type\":\"job\",\"tags\":[],\"silenced\":false,\"pushedAt\":\"1780795014.509\"}, Illuminate\\Queue\\TimeoutExceededException: App\\Jobs\\CheckSolution has timed out. in /var/www/html/vendor/laravel/framework/src/Illuminate/Queue/TimeoutExceededException.php:15\nStack trace:\n#0 /var/www/html/vendor/laravel/framework/src/Illuminate/Queue/Worker.php(804): Illuminate\\Queue\\TimeoutExceededException::forJob(Object(Illuminate\\Queue\\Jobs\\RedisJob))\n#1 /var/www/html/vendor/laravel/framework/src/Illuminate/Queue/Worker.php(218): Illuminate\\Queue\\Worker->timeoutExceededException(Object(Illuminate\\Queue\\Jobs\\RedisJob))\n#2 /var/www/html/vendor/symfony/process/Pipes/AbstractPipes.php(172): Illuminate\\Queue\\Worker->Illuminate\\Queue\\{closure}(14, Array)\n#3 [internal function]: Symfony\\Component\\Process\\Pipes\\AbstractPipes->handleError(2, \'stream_select()...\', \'/var/www/html/v...\', 100)\n#4 /var/www/html/vendor/symfony/process/Pipes/UnixPipes.php(100): stream_select(Array, NULL, Array, 0, 200000.0)\n#5 /var/www/html/vendor/symfony/process/Process.php(1406): Symfony\\Component\\Process\\Pipes\\UnixPipes->readAndWrite(true, true)\n#6 /var/www/html/vendor/symfony/process/Process.php(452): Symfony\\Component\\Process\\Process->readPipes(true, true)\n#7 /var/www/html/vendor/symfony/process/Process.php(251): Symfony\\Component\\Process\\Process->wait()\n#8 /var/www/html/app/Service/Task/CodeJudgeService.php(367): Symfony\\Component\\Process\\Process->run()\n#9 /var/www/html/app/Service/Task/CodeJudgeService.php(257): App\\Service\\Task\\CodeJudgeService->readContainerMemoryUsageMb(\'judge_dee44b69c...\')\n#10 /var/www/html/app/Service/Task/CodeJudgeService.php(54): App\\Service\\Task\\CodeJudgeService->runPython(Object(App\\Models\\Task\\Task), \'judge/runs/3f12...\', \'solution.py\', \'5\', 2.0)\n#11 /var/www/html/app/Jobs/CheckSolution.php(54): App\\Service\\Task\\CodeJudgeService->run(Object(App\\Models\\Task\\Task), \'# n = int(input...\')\n#12 /var/www/html/vendor/laravel/framework/src/Illuminate/Container/BoundMethod.php(36): App\\Jobs\\CheckSolution->handle()\n#13 /var/www/html/vendor/laravel/framework/src/Illuminate/Container/Util.php(43): Illuminate\\Container\\BoundMethod::Illuminate\\Container\\{closure}()\n#14 /var/www/html/vendor/laravel/framework/src/Illuminate/Container/BoundMethod.php(96): Illuminate\\Container\\Util::unwrapIfClosure(Object(Closure))\n#15 /var/www/html/vendor/laravel/framework/src/Illuminate/Container/BoundMethod.php(35): Illuminate\\Container\\BoundMethod::callBoundMethod(Object(Illuminate\\Foundation\\Application), Array, Object(Closure))\n#16 /var/www/html/vendor/laravel/framework/src/Illuminate/Container/Container.php(754): Illuminate\\Container\\BoundMethod::call(Object(Illuminate\\Foundation\\Application), Array, Array, NULL)\n#17 /var/www/html/vendor/laravel/framework/src/Illuminate/Bus/Dispatcher.php(132): Illuminate\\Container\\Container->call(Array)\n#18 /var/www/html/vendor/laravel/framework/src/Illuminate/Pipeline/Pipeline.php(169): Illuminate\\Bus\\Dispatcher->Illuminate\\Bus\\{closure}(Object(App\\Jobs\\CheckSolution))\n#19 /var/www/html/vendor/laravel/framework/src/Illuminate/Pipeline/Pipeline.php(126): Illuminate\\Pipeline\\Pipeline->Illuminate\\Pipeline\\{closure}(Object(App\\Jobs\\CheckSolution))\n#20 /var/www/html/vendor/laravel/framework/src/Illuminate/Bus/Dispatcher.php(136): Illuminate\\Pipeline\\Pipeline->then(Object(Closure))\n#21 /var/www/html/vendor/laravel/framework/src/Illuminate/Queue/CallQueuedHandler.php(125): Illuminate\\Bus\\Dispatcher->dispatchNow(Object(App\\Jobs\\CheckSolution), false)\n#22 /var/www/html/vendor/laravel/framework/src/Illuminate/Pipeline/Pipeline.php(169): Illuminate\\Queue\\CallQueuedHandler->Illuminate\\Queue\\{closure}(Object(App\\Jobs\\CheckSolution))\n#23 /var/www/html/vendor/laravel/framework/src/Illuminate/Pipeline/Pipeline.php(126): Illuminate\\Pipeline\\Pipeline->Illuminate\\Pipeline\\{closure}(Object(App\\Jobs\\CheckSolution))\n#24 /var/www/html/vendor/laravel/framework/src/Illuminate/Queue/CallQueuedHandler.php(120): Illuminate\\Pipeline\\Pipeline->then(Object(Closure))\n#25 /var/www/html/vendor/laravel/framework/src/Illuminate/Queue/CallQueuedHandler.php(68): Illuminate\\Queue\\CallQueuedHandler->dispatchThroughMiddleware(Object(Illuminate\\Queue\\Jobs\\RedisJob), Object(App\\Jobs\\CheckSolution))\n#26 /var/www/html/vendor/laravel/framework/src/Illuminate/Queue/Jobs/Job.php(102): Illuminate\\Queue\\CallQueuedHandler->call(Object(Illuminate\\Queue\\Jobs\\RedisJob), Array)\n#27 /var/www/html/vendor/laravel/framework/src/Illuminate/Queue/Worker.php(441): Illuminate\\Queue\\Jobs\\Job->fire()\n#28 /var/www/html/vendor/laravel/framework/src/Illuminate/Queue/Worker.php(391): Illuminate\\Queue\\Worker->process(\'redis\', Object(Illuminate\\Queue\\Jobs\\RedisJob), Object(Illuminate\\Queue\\WorkerOptions))\n#29 /var/www/html/vendor/laravel/framework/src/Illuminate/Queue/Worker.php(177): Illuminate\\Queue\\Worker->runJob(Object(Illuminate\\Queue\\Jobs\\RedisJob), \'redis\', Object(Illuminate\\Queue\\WorkerOptions))\n#30 /var/www/html/vendor/laravel/framework/src/Illuminate/Queue/Console/WorkCommand.php(148): Illuminate\\Queue\\Worker->daemon(\'redis\', \'solution-checks\', Object(Illuminate\\Queue\\WorkerOptions))\n#31 /var/www/html/vendor/laravel/framework/src/Illuminate/Queue/Console/WorkCommand.php(131): Illuminate\\Queue\\Console\\WorkCommand->runWorker(\'redis\', \'solution-checks\')\n#32 /var/www/html/vendor/laravel/framework/src/Illuminate/Container/BoundMethod.php(36): Illuminate\\Queue\\Console\\WorkCommand->handle()\n#33 /var/www/html/vendor/laravel/framework/src/Illuminate/Container/Util.php(43): Illuminate\\Container\\BoundMethod::Illuminate\\Container\\{closure}()\n#34 /var/www/html/vendor/laravel/framework/src/Illuminate/Container/BoundMethod.php(96): Illuminate\\Container\\Util::unwrapIfClosure(Object(Closure))\n#35 /var/www/html/vendor/laravel/framework/src/Illuminate/Container/BoundMethod.php(35): Illuminate\\Container\\BoundMethod::callBoundMethod(Object(Illuminate\\Foundation\\Application), Array, Object(Closure))\n#36 /var/www/html/vendor/laravel/framework/src/Illuminate/Container/Container.php(754): Illuminate\\Container\\BoundMethod::call(Object(Illuminate\\Foundation\\Application), Array, Array, NULL)\n#37 /var/www/html/vendor/laravel/framework/src/Illuminate/Console/Command.php(211): Illuminate\\Container\\Container->call(Array)\n#38 /var/www/html/vendor/symfony/console/Command/Command.php(279): Illuminate\\Console\\Command->execute(Object(Symfony\\Component\\Console\\Input\\ArgvInput), Object(Illuminate\\Console\\OutputStyle))\n#39 /var/www/html/vendor/laravel/framework/src/Illuminate/Console/Command.php(180): Symfony\\Component\\Console\\Command\\Command->run(Object(Symfony\\Component\\Console\\Input\\ArgvInput), Object(Illuminate\\Console\\OutputStyle))\n#40 /var/www/html/vendor/symfony/console/Application.php(1094): Illuminate\\Console\\Command->run(Object(Symfony\\Component\\Console\\Input\\ArgvInput), Object(Symfony\\Component\\Console\\Output\\ConsoleOutput))\n#41 /var/www/html/vendor/symfony/console/Application.php(342): Symfony\\Component\\Console\\Application->doRunCommand(Object(Illuminate\\Queue\\Console\\WorkCommand), Object(Symfony\\Component\\Console\\Input\\ArgvInput), Object(Symfony\\Component\\Console\\Output\\ConsoleOutput))\n#42 /var/www/html/vendor/symfony/console/Application.php(193): Symfony\\Component\\Console\\Application->doRun(Object(Symfony\\Component\\Console\\Input\\ArgvInput), Object(Symfony\\Component\\Console\\Output\\ConsoleOutput))\n#43 /var/www/html/vendor/laravel/framework/src/Illuminate/Foundation/Console/Kernel.php(197): Symfony\\Component\\Console\\Application->run(Object(Symfony\\Component\\Console\\Input\\ArgvInput), Object(Symfony\\Component\\Console\\Output\\ConsoleOutput))\n#44 /var/www/html/vendor/laravel/framework/src/Illuminate/Foundation/Application.php(1234): Illuminate\\Foundation\\Console\\Kernel->handle(Object(Symfony\\Component\\Console\\Input\\ArgvInput), Object(Symfony\\Component\\Console\\Output\\ConsoleOutput))\n#45 /var/www/html/artisan(16): Illuminate\\Foundation\\Application->handleCommand(Object(Symfony\\Component\\Console\\Input\\ArgvInput))\n#46 {main}, 2026-06-07 01:18:54))','# n = int(input())\n\n# n = int(input())\n\nn = int(input())\n\nwhile True:\n    print(\"test\")'),(100,'2026-06-07 01:34:26','2026-06-07 01:34:26','Error',13,NULL,1,NULL,NULL,0.260,15.0,'Превышен лимит вывода на тесте 1. Проверьте, нет ли бесконечного print или слишком большого вывода.','# n = int(input())\n\nwhile True:\n    print(\"test\")'),(101,'2026-06-07 01:34:46','2026-06-07 01:34:46','Error',13,NULL,1,NULL,NULL,0.250,16.0,'Превышен лимит вывода на тесте 1. Проверьте, нет ли бесконечного print или слишком большого вывода.','# n = int(input())\n\narr = list(range(1, 100000))\n\nwhile True:\n    print(\"test\")'),(102,'2026-06-07 01:35:08','2026-06-07 01:35:08','Error',13,NULL,1,NULL,NULL,0.240,15.0,'Превышен лимит вывода на тесте 1. Проверьте, нет ли бесконечного print или слишком большого вывода.','# n = int(input())\n\narr = list(range(1, 100000))\nfor i in range(len(arr)):\n    arr[i]\n\nwhile True:\n    print(\"test\")'),(103,'2026-06-07 01:35:20','2026-06-07 01:35:20','Incorrect result',13,NULL,1,NULL,NULL,0.170,15.0,'Неправильный ответ на тесте 1','# n = int(input())\n\narr = list(range(1, 100000))\nfor i in range(len(arr)):\n    arr[i]\n\n\nn = int(input())'),(104,'2026-06-07 01:35:35','2026-06-07 01:35:35','Completed',13,NULL,1,NULL,NULL,0.240,15.0,'Задача выполнена','# n = int(input())\n\narr = list(range(1, 100000))\nfor i in range(len(arr)):\n    arr[i]\n\n\nn = int(input())\n\nprint(n % 10)'),(105,'2026-06-07 01:35:43','2026-06-07 01:35:43','Completed',13,NULL,1,NULL,NULL,0.380,48.0,'Задача выполнена','# n = int(input())\n\narr = list(range(1, 1000000))\nfor i in range(len(arr)):\n    arr[i]\n\n\nn = int(input())\n\nprint(n % 10)'),(106,'2026-06-07 01:35:50','2026-06-07 01:35:50','Memory limit',13,NULL,1,NULL,NULL,0.370,124.0,'Превышен лимит памяти на тесте 1','# n = int(input())\n\narr = list(range(1, 10000000))\nfor i in range(len(arr)):\n    arr[i]\n\n\nn = int(input())\n\nprint(n % 10)'),(107,'2026-06-07 04:55:19','2026-06-07 04:55:19','Completed',7,2,1,NULL,NULL,0.190,15.0,'Задача выполнена','# a = int(input())\n# b = int(input())\n\na = int(input())\nb = int(input())\n\nprint(a + b)'),(108,'2026-06-07 04:56:02','2026-06-07 04:56:02','Completed',8,2,1,NULL,NULL,0.180,16.0,'Задача выполнена','n = int(input())\nif n % 2 == 0:\n    print(\'YES\')\nelse:\n    print(\'NO\')'),(109,'2026-06-07 04:56:47','2026-06-07 04:56:47','Completed',9,2,1,NULL,NULL,0.200,15.0,'Задача выполнена','a = int(input())\nb = int(input())\n\n\narr = list(range(1, 100000))\n\nif a > b:\n    print(a)\nelse:\n    print(b)'),(110,'2026-06-07 04:57:03','2026-06-07 04:57:03','Completed',9,2,1,NULL,NULL,0.180,16.0,'Задача выполнена','a = int(input())\nb = int(input())\n\n\narr = list(range(1, 100000))\nfor i in range(len(arr)):\n    arr[i]\n\nif a > b:\n    print(a)\nelse:\n    print(b)'),(111,'2026-06-07 04:57:16','2026-06-07 04:57:16','Completed',9,2,1,NULL,NULL,0.330,48.0,'Задача выполнена','a = int(input())\nb = int(input())\n\n\narr = list(range(1, 1000000))\nfor i in range(len(arr)):\n    arr[i]\n\nif a > b:\n    print(a)\nelse:\n    print(b)'),(112,'2026-06-07 04:57:24','2026-06-07 04:57:24','Memory limit',9,2,1,NULL,NULL,0.420,156.0,'Превышен лимит памяти на тесте 1','a = int(input())\nb = int(input())\n\n\narr = list(range(1, 10000000))\nfor i in range(len(arr)):\n    arr[i]\n\nif a > b:\n    print(a)\nelse:\n    print(b)'),(113,'2026-06-07 04:57:37','2026-06-07 04:57:37','Completed',9,2,1,NULL,NULL,0.180,15.0,'Задача выполнена','a = int(input())\nb = int(input())\n\n\narr = list(range(1, 100))\nfor i in range(len(arr)):\n    arr[i]\n\nif a > b:\n    print(a)\nelse:\n    print(b)'),(114,'2026-06-07 06:05:54','2026-06-07 06:05:54','Completed',9,2,1,NULL,NULL,0.170,12.0,'Задача выполнена','a = int(input())\nb = int(input())\n\n#arr = list(range(1, 100))\n\nif a > b:\n    print(a)\nelse:\n    print(b)'),(115,'2026-06-07 06:06:22','2026-06-07 06:06:22','Completed',9,2,1,NULL,NULL,0.190,12.0,'Задача выполнена','a = int(input())\nb = int(input())\n\narr = list(range(1, 100))\n\nif a > b:\n    print(a)\nelse:\n    print(b)'),(116,'2026-06-07 06:06:30','2026-06-07 06:06:30','Completed',9,2,1,NULL,NULL,0.170,12.0,'Задача выполнена','a = int(input())\nb = int(input())\n\narr = list(range(1, 1000))\n\nif a > b:\n    print(a)\nelse:\n    print(b)'),(117,'2026-06-07 06:14:59','2026-06-07 06:14:59','Completed',9,2,1,NULL,NULL,0.200,11.7,'Задача выполнена','a = int(input())\nb = int(input())\n\nif a > b:\n    print(a)\nelse:\n    print(b)'),(118,'2026-06-07 06:15:12','2026-06-07 06:15:12','Completed',9,2,1,NULL,NULL,0.170,11.6,'Задача выполнена','a = int(input())\nb = int(input())\n\narr = list(range(1, 100))\n\nif a > b:\n    print(a)\nelse:\n    print(b)'),(119,'2026-06-07 06:15:29','2026-06-07 06:15:29','Completed',9,2,1,NULL,NULL,0.180,11.6,'Задача выполнена','a = int(input())\nb = int(input())\n\narr = list(range(1, 100))\nfor i in range(len(arr)):\n    arr[i]\n\nif a > b:\n    print(a)\nelse:\n    print(b)'),(120,'2026-06-07 06:15:37','2026-06-07 06:15:37','Completed',9,2,1,NULL,NULL,0.180,11.6,'Задача выполнена','a = int(input())\nb = int(input())\n\narr = list(range(1, 1000))\nfor i in range(len(arr)):\n    arr[i]\n\nif a > b:\n    print(a)\nelse:\n    print(b)'),(121,'2026-06-07 06:15:46','2026-06-07 06:15:46','Completed',9,2,1,NULL,NULL,0.200,11.7,'Задача выполнена','a = int(input())\nb = int(input())\n\narr = list(range(1, 10000))\nfor i in range(len(arr)):\n    arr[i]\n\nif a > b:\n    print(a)\nelse:\n    print(b)'),(122,'2026-06-07 06:15:54','2026-06-07 06:15:54','Completed',9,2,1,NULL,NULL,0.180,13.4,'Задача выполнена','a = int(input())\nb = int(input())\n\narr = list(range(1, 100000))\nfor i in range(len(arr)):\n    arr[i]\n\nif a > b:\n    print(a)\nelse:\n    print(b)'),(123,'2026-06-07 06:16:02','2026-06-07 06:16:02','Completed',9,2,1,NULL,NULL,0.340,47.8,'Задача выполнена','a = int(input())\nb = int(input())\n\narr = list(range(1, 1000000))\nfor i in range(len(arr)):\n    arr[i]\n\nif a > b:\n    print(a)\nelse:\n    print(b)'),(124,'2026-06-07 06:16:42','2026-06-07 06:16:42','Incorrect result',11,2,1,NULL,NULL,0.190,11.6,'Неправильный ответ на тесте 1','n = int(input())\narr = list(map(int, input().split()))\n\ncount = 0\nfor i in range(len(arr)):\n    if 0 < arr[i]:\n        count += 1'),(125,'2026-06-07 06:16:52','2026-06-07 06:16:52','Completed',11,2,1,NULL,NULL,0.170,11.6,'Задача выполнена','n = int(input())\narr = list(map(int, input().split()))\n\ncount = 0\nfor i in range(len(arr)):\n    if 0 < arr[i]:\n        count += 1\n\nprint(count)'),(126,'2026-06-07 06:17:34','2026-06-07 06:17:34','Completed',11,2,1,NULL,NULL,1.180,11.6,'Задача выполнена','import time\n\nn = int(input())\narr = list(map(int, input().split()))\n\ncount = 0\nfor i in range(len(arr)):\n    if 0 < arr[i]:\n        count += 1\n\ntime.sleep(1)\n\nprint(count)'),(127,'2026-06-07 14:51:32','2026-06-07 14:51:32','Completed',12,3,1,NULL,NULL,0.180,11.6,'Задача выполнена','n = int(input())\n\nsum = 0\nfor i in range(n + 1):\n    sum += i\n\nprint(sum)'),(128,'2026-06-07 23:54:43','2026-06-07 23:54:43','Completed',7,NULL,1,NULL,'2026-06-07 23:54:43',0.260,11.6,'Задача выполнена','a = int(input())\nb = int(input())\n\nprint(a + b)'),(129,'2026-06-07 23:55:16','2026-06-07 23:55:16','Completed',8,NULL,1,NULL,'2026-06-07 23:55:16',0.190,11.6,'Задача выполнена','n = int(input())\nif n % 2 == 0:\n    print(\'YES\')\nelse:\n    print(\'NO\')'),(130,'2026-06-07 23:57:03','2026-06-07 23:57:08','Error',17,NULL,1,1,'2026-06-07 23:57:03',0.180,11.6,'Traceback (most recent call last):\n  File \"/var/www/html/storage/app/private/judge/runs/29875d04-d29e-4bf9-8a7e-3f82e0335909/solution.py\", line 4, in <module>\n    print(strs[0])\n          ~~~~^^^\nTypeError: \'NoneType\' object is not subscriptableCommand exited with non-zero status 1','str = input()\nstrs = str.split().sort()\n\nprint(strs[0])'),(131,'2026-06-07 23:58:00','2026-06-07 23:58:00','Error',17,NULL,1,NULL,'2026-06-07 23:58:00',0.200,11.4,'Traceback (most recent call last):\n  File \"/var/www/html/storage/app/private/judge/runs/ec6966ac-3108-4de8-b5bc-d45ad6ce5eae/solution.py\", line 4, in <module>\n    print(strs[0])\n          ~~~~^^^\nTypeError: \'NoneType\' object is not subscriptableCommand exited with non-zero status 1','str = input()\nstrs = str.split().sort(key=len)\n\nprint(strs[0])'),(132,'2026-06-07 23:58:59','2026-06-07 23:59:01','Error',17,NULL,1,1,'2026-06-07 23:58:59',0.190,11.7,'Traceback (most recent call last):\n  File \"/var/www/html/storage/app/private/judge/runs/1d3a3ec4-1f0e-4f8b-bab4-cc2aed4a8448/solution.py\", line 3, in <module>\n    print(strs[0])\n          ~~~~^^^\nTypeError: \'NoneType\' object is not subscriptableCommand exited with non-zero status 1','str = input()\nstrs = str.split().sort(key=len)\nprint(strs[0])'),(133,'2026-06-08 00:06:21','2026-06-08 00:06:26','Error',17,NULL,1,1,'2026-06-08 00:06:21',0.210,11.4,'Traceback (most recent call last):\n  File \"/var/www/html/storage/app/private/judge/runs/af258e7a-0a30-4949-b730-2a860d19d668/solution.py\", line 3, in <module>\n    print(strs[0])\n          ~~~~^^^\nTypeError: \'NoneType\' object is not subscriptableCommand exited with non-zero status 1','str = input()\nstrs = str.split().sort(key=len)\nprint(strs[0])'),(134,'2026-06-08 00:10:28','2026-06-08 00:10:28','Incorrect result',17,NULL,1,NULL,'2026-06-08 00:10:28',0.180,11.6,'Неправильный ответ на тесте 1','str = input()'),(135,'2026-06-08 00:10:54','2026-06-08 00:11:04','Error',17,NULL,1,2,'2026-06-08 00:10:54',0.160,11.6,'Traceback (most recent call last):\n  File \"/var/www/html/storage/app/private/judge/runs/55c4e523-1725-48c9-8c21-b37fcdc33957/solution.py\", line 2, in <module>\n    strs = input().split()\n           ^^^^^^^\nEOFError: EOF when reading a lineCommand exited with non-zero status 1','str = input()\nstrs = input().split()\n\nstrs.sort()\n\nprint(strs[0])'),(136,'2026-06-08 00:13:28','2026-06-08 00:13:32','Incorrect result',17,NULL,1,4,'2026-06-08 00:13:28',0.190,11.6,'Неправильный ответ на тесте 5','str = input()\nstrs = str.split()\n\nstrs.sort()\n\nprint(strs[0])'),(137,'2026-06-08 00:15:35','2026-06-08 00:15:36','Error',17,NULL,1,4,'2026-06-08 00:15:35',0.170,11.4,'Traceback (most recent call last):\n  File \"/var/www/html/storage/app/private/judge/runs/355d3c6f-2515-46d1-88e5-b7eb72065203/solution.py\", line 1, in <module>\n    s\nNameError: name \'s\' is not definedCommand exited with non-zero status 1','s'),(138,'2026-06-08 00:23:50','2026-06-08 00:24:31','Incorrect result',17,NULL,1,5,'2026-06-08 00:23:50',0.190,11.6,'Неправильный ответ на тесте 5','str = input()\nstrs = str.split()\nstrs.sort()\n\nprint(strs[0])'),(139,'2026-06-08 00:25:08','2026-06-08 00:25:10','Incorrect result',17,NULL,1,5,'2026-06-08 00:25:08',0.180,11.5,'Неправильный ответ на тесте 1','str = input()'),(140,'2026-06-08 00:38:46','2026-06-08 00:38:47','Incorrect result',17,NULL,1,5,'2026-06-08 00:38:46',0.190,11.4,'Неправильный ответ на тесте 1','# str = input()'),(141,'2026-06-08 00:39:26','2026-06-08 00:39:28','Incorrect result',17,NULL,1,6,'2026-06-08 00:39:26',0.170,11.5,'Неправильный ответ на тесте 1','# str = input()'),(142,'2026-06-08 01:32:04','2026-06-08 01:32:07','Incorrect result',17,NULL,1,6,'2026-06-08 01:32:04',0.160,11.6,'Неправильный ответ на тесте 5','# str = input()\n\n\nstr = input()\n\nstrs = str.split()\nstrs.sort()\n\nprint(strs[0])'),(143,'2026-06-08 02:48:36','2026-06-08 02:48:40','Incorrect result',17,NULL,1,7,'2026-06-08 02:48:36',0.190,11.6,'Неправильный ответ на тесте 1','# str = input()\n\nstr = input()\nstrs = str.split()\n\nmin_length = 0\nfor i in range(len(strs)):\n    if len(strs[i]) < min_length:\n        min_length = len(strs[i])\n\nprint(strs)'),(144,'2026-06-08 02:52:59','2026-06-08 02:52:59','Completed',17,NULL,1,NULL,'2026-06-08 02:52:59',0.190,11.6,'Задача выполнена','# str = input()\n\nstr = input()\nstrs = str.split()\n\nmin_length_index = 0\nfor i in range(len(strs)):\n    if len(strs[i]) < len(strs[min_length_index]):\n        min_length_index = i\n\nprint(strs[min_length_index])'),(145,'2026-06-08 02:57:24','2026-06-08 02:57:24','Completed',7,NULL,1,NULL,'2026-06-08 02:57:24',0.170,11.6,'Задача выполнена','a = int(input())\nb = int(input())\n\nprint(a + b)'),(146,'2026-06-08 09:58:53','2026-06-08 09:58:56','Incorrect result',9,NULL,1,7,'2026-06-08 09:58:53',0.190,11.4,'Неправильный ответ на тесте 1','a = int(input())\nb = int(input())\n\nif a > b:\n    print(b)\nelse:\n    print(a)'),(147,'2026-06-08 10:05:52','2026-06-08 10:05:55','Incorrect result',9,NULL,1,8,'2026-06-08 10:05:52',0.180,11.4,'Неправильный ответ на тесте 1','a = int(input())\nb = int(input())\n\nif a < b:\n    print(a)\nelse:\n    print(b)'),(148,'2026-06-08 10:08:16','2026-06-08 10:08:18','Incorrect result',9,NULL,1,9,'2026-06-08 10:08:16',0.190,11.5,'Неправильный ответ на тесте 1','a = int(input())\nb = int(input())\n\nif a < b:\n    print(a)\nelse:\n    print(b)'),(149,'2026-06-08 10:23:43','2026-06-08 10:23:46','Incorrect result',9,NULL,1,9,'2026-06-08 10:23:43',0.170,11.4,'Неправильный ответ на тесте 1','a = int(input())\nb = int(input())\n\n\nif a < b:\n    print(a)\nelse:\n    print(b)');
/*!40000 ALTER TABLE `attempt_solution` ENABLE KEYS */;
UNLOCK TABLES;

--
-- Table structure for table `cache`
--

DROP TABLE IF EXISTS `cache`;
/*!40101 SET @saved_cs_client     = @@character_set_client */;
/*!50503 SET character_set_client = utf8mb4 */;
CREATE TABLE `cache` (
  `key` varchar(255) COLLATE utf8mb4_unicode_ci NOT NULL,
  `value` mediumtext COLLATE utf8mb4_unicode_ci NOT NULL,
  `expiration` int NOT NULL,
  PRIMARY KEY (`key`)
) ENGINE=InnoDB DEFAULT CHARSET=utf8mb4 COLLATE=utf8mb4_unicode_ci;
/*!40101 SET character_set_client = @saved_cs_client */;

--
-- Dumping data for table `cache`
--

LOCK TABLES `cache` WRITE;
/*!40000 ALTER TABLE `cache` DISABLE KEYS */;
/*!40000 ALTER TABLE `cache` ENABLE KEYS */;
UNLOCK TABLES;

--
-- Table structure for table `cache_locks`
--

DROP TABLE IF EXISTS `cache_locks`;
/*!40101 SET @saved_cs_client     = @@character_set_client */;
/*!50503 SET character_set_client = utf8mb4 */;
CREATE TABLE `cache_locks` (
  `key` varchar(255) COLLATE utf8mb4_unicode_ci NOT NULL,
  `owner` varchar(255) COLLATE utf8mb4_unicode_ci NOT NULL,
  `expiration` int NOT NULL,
  PRIMARY KEY (`key`)
) ENGINE=InnoDB DEFAULT CHARSET=utf8mb4 COLLATE=utf8mb4_unicode_ci;
/*!40101 SET character_set_client = @saved_cs_client */;

--
-- Dumping data for table `cache_locks`
--

LOCK TABLES `cache_locks` WRITE;
/*!40000 ALTER TABLE `cache_locks` DISABLE KEYS */;
/*!40000 ALTER TABLE `cache_locks` ENABLE KEYS */;
UNLOCK TABLES;

--
-- Table structure for table `completed_lesson`
--

DROP TABLE IF EXISTS `completed_lesson`;
/*!40101 SET @saved_cs_client     = @@character_set_client */;
/*!50503 SET character_set_client = utf8mb4 */;
CREATE TABLE `completed_lesson` (
  `id` bigint unsigned NOT NULL AUTO_INCREMENT,
  `user_id` bigint unsigned NOT NULL,
  `course_lesson_id` bigint unsigned NOT NULL,
  `created_at` timestamp NULL DEFAULT NULL,
  `updated_at` timestamp NULL DEFAULT NULL,
  PRIMARY KEY (`id`),
  UNIQUE KEY `completed_lesson_user_lesson_unique` (`user_id`,`course_lesson_id`),
  KEY `completed_lesson_course_lesson_id_foreign` (`course_lesson_id`),
  CONSTRAINT `completed_lesson_course_lesson_id_foreign` FOREIGN KEY (`course_lesson_id`) REFERENCES `course_lesson` (`id`) ON DELETE CASCADE,
  CONSTRAINT `completed_lesson_user_id_foreign` FOREIGN KEY (`user_id`) REFERENCES `users` (`id`) ON DELETE CASCADE
) ENGINE=InnoDB AUTO_INCREMENT=90 DEFAULT CHARSET=utf8mb4 COLLATE=utf8mb4_unicode_ci;
/*!40101 SET character_set_client = @saved_cs_client */;

--
-- Dumping data for table `completed_lesson`
--

LOCK TABLES `completed_lesson` WRITE;
/*!40000 ALTER TABLE `completed_lesson` DISABLE KEYS */;
INSERT INTO `completed_lesson` VALUES (10,6,25,'2026-06-02 03:34:44','2026-06-02 03:34:44'),(11,6,26,'2026-06-02 03:35:50','2026-06-02 03:35:50'),(12,6,27,'2026-06-02 03:35:51','2026-06-02 03:35:51'),(13,6,28,'2026-06-02 03:35:52','2026-06-02 03:35:52'),(14,6,29,'2026-06-02 03:35:54','2026-06-02 03:35:54'),(15,6,30,'2026-06-02 03:35:55','2026-06-02 03:35:55'),(16,6,31,'2026-06-02 03:35:56','2026-06-02 03:35:56'),(17,6,32,'2026-06-02 03:35:58','2026-06-02 03:35:58'),(18,10,25,'2026-06-02 05:41:03','2026-06-02 05:41:03'),(19,10,26,'2026-06-02 05:42:06','2026-06-02 05:42:06'),(20,10,27,'2026-06-02 05:42:56','2026-06-02 05:42:56'),(21,10,28,'2026-06-02 05:43:07','2026-06-02 05:43:07'),(22,10,29,'2026-06-02 05:43:09','2026-06-02 05:43:09'),(23,10,30,'2026-06-02 05:43:11','2026-06-02 05:43:11'),(24,10,31,'2026-06-02 05:43:13','2026-06-02 05:43:13'),(25,10,32,'2026-06-02 05:43:15','2026-06-02 05:43:15'),(26,13,25,'2026-06-02 05:55:42','2026-06-02 05:55:42'),(27,13,26,'2026-06-02 05:55:44','2026-06-02 05:55:44'),(28,13,27,'2026-06-02 05:55:46','2026-06-02 05:55:46'),(29,13,28,'2026-06-02 05:55:49','2026-06-02 05:55:49'),(30,13,29,'2026-06-02 05:55:50','2026-06-02 05:55:50'),(31,13,30,'2026-06-02 05:55:53','2026-06-02 05:55:53'),(32,13,31,'2026-06-02 05:55:55','2026-06-02 05:55:55'),(33,13,32,'2026-06-02 05:55:58','2026-06-02 05:55:58'),(34,15,25,'2026-06-02 05:57:18','2026-06-02 05:57:18'),(35,15,26,'2026-06-02 05:57:20','2026-06-02 05:57:20'),(36,15,27,'2026-06-02 05:58:08','2026-06-02 05:58:08'),(37,15,28,'2026-06-02 05:59:08','2026-06-02 05:59:08'),(38,15,29,'2026-06-02 06:00:09','2026-06-02 06:00:09'),(39,21,25,'2026-06-02 06:02:33','2026-06-02 06:02:33'),(40,15,30,'2026-06-02 06:02:40','2026-06-02 06:02:40'),(41,15,31,'2026-06-02 06:02:42','2026-06-02 06:02:42'),(42,21,26,'2026-06-02 06:02:47','2026-06-02 06:02:47'),(43,15,32,'2026-06-02 06:02:49','2026-06-02 06:02:49'),(44,21,27,'2026-06-02 06:02:49','2026-06-02 06:02:49'),(45,21,28,'2026-06-02 06:02:52','2026-06-02 06:02:52'),(46,21,29,'2026-06-02 06:02:54','2026-06-02 06:02:54'),(47,21,30,'2026-06-02 06:02:57','2026-06-02 06:02:57'),(48,21,31,'2026-06-02 06:02:59','2026-06-02 06:02:59'),(49,21,32,'2026-06-02 06:03:01','2026-06-02 06:03:01'),(50,23,25,'2026-06-02 06:10:53','2026-06-02 06:10:53'),(51,23,26,'2026-06-02 06:11:00','2026-06-02 06:11:00'),(52,23,27,'2026-06-02 06:11:04','2026-06-02 06:11:04'),(53,23,28,'2026-06-02 06:11:06','2026-06-02 06:11:06'),(54,23,29,'2026-06-02 06:11:08','2026-06-02 06:11:08'),(55,23,30,'2026-06-02 06:11:11','2026-06-02 06:11:11'),(56,23,31,'2026-06-02 06:11:13','2026-06-02 06:11:13'),(57,23,32,'2026-06-02 06:11:16','2026-06-02 06:11:16'),(58,26,25,'2026-06-02 06:13:31','2026-06-02 06:13:31'),(59,26,26,'2026-06-02 06:13:36','2026-06-02 06:13:36'),(60,26,27,'2026-06-02 06:13:38','2026-06-02 06:13:38'),(61,26,28,'2026-06-02 06:13:41','2026-06-02 06:13:41'),(62,26,29,'2026-06-02 06:13:43','2026-06-02 06:13:43'),(63,26,30,'2026-06-02 06:13:45','2026-06-02 06:13:45'),(64,26,31,'2026-06-02 06:13:47','2026-06-02 06:13:47'),(65,26,32,'2026-06-02 06:13:50','2026-06-02 06:13:50'),(66,12,25,'2026-06-02 06:23:10','2026-06-02 06:23:10'),(67,12,26,'2026-06-02 06:23:29','2026-06-02 06:23:29'),(68,12,27,'2026-06-02 06:23:31','2026-06-02 06:23:31'),(69,12,28,'2026-06-02 06:23:33','2026-06-02 06:23:33'),(70,12,29,'2026-06-02 06:23:35','2026-06-02 06:23:35'),(71,12,30,'2026-06-02 06:23:37','2026-06-02 06:23:37'),(72,12,31,'2026-06-02 06:23:39','2026-06-02 06:23:39'),(73,12,32,'2026-06-02 06:23:40','2026-06-02 06:23:40'),(74,22,25,'2026-06-02 06:25:29','2026-06-02 06:25:29'),(75,22,26,'2026-06-02 06:25:33','2026-06-02 06:25:33'),(76,22,27,'2026-06-02 06:25:35','2026-06-02 06:25:35'),(77,22,28,'2026-06-02 06:25:37','2026-06-02 06:25:37'),(78,22,29,'2026-06-02 06:25:38','2026-06-02 06:25:38'),(79,22,30,'2026-06-02 06:25:40','2026-06-02 06:25:40'),(80,22,31,'2026-06-02 06:25:42','2026-06-02 06:25:42'),(81,22,32,'2026-06-02 06:25:43','2026-06-02 06:25:43'),(82,14,25,'2026-06-02 06:36:16','2026-06-02 06:36:16'),(83,14,26,'2026-06-02 06:36:19','2026-06-02 06:36:19'),(84,14,27,'2026-06-02 06:36:22','2026-06-02 06:36:22'),(85,14,28,'2026-06-02 06:36:23','2026-06-02 06:36:23'),(86,14,29,'2026-06-02 06:36:24','2026-06-02 06:36:24'),(87,14,30,'2026-06-02 06:36:27','2026-06-02 06:36:27'),(88,14,31,'2026-06-02 06:36:29','2026-06-02 06:36:29'),(89,14,32,'2026-06-02 06:36:31','2026-06-02 06:36:31');
/*!40000 ALTER TABLE `completed_lesson` ENABLE KEYS */;
UNLOCK TABLES;

--
-- Table structure for table `contest`
--

DROP TABLE IF EXISTS `contest`;
/*!40101 SET @saved_cs_client     = @@character_set_client */;
/*!50503 SET character_set_client = utf8mb4 */;
CREATE TABLE `contest` (
  `id` bigint unsigned NOT NULL AUTO_INCREMENT,
  `created_at` timestamp NULL DEFAULT NULL,
  `updated_at` timestamp NULL DEFAULT NULL,
  `title` varchar(255) COLLATE utf8mb4_unicode_ci NOT NULL,
  `description` text COLLATE utf8mb4_unicode_ci,
  `starts_at` datetime DEFAULT NULL,
  `duration_minutes` int unsigned NOT NULL DEFAULT '120',
  `ends_at` datetime DEFAULT NULL,
  `is_active` tinyint(1) NOT NULL DEFAULT '1',
  PRIMARY KEY (`id`)
) ENGINE=InnoDB AUTO_INCREMENT=4 DEFAULT CHARSET=utf8mb4 COLLATE=utf8mb4_unicode_ci;
/*!40101 SET character_set_client = @saved_cs_client */;

--
-- Dumping data for table `contest`
--

LOCK TABLES `contest` WRITE;
/*!40000 ALTER TABLE `contest` DISABLE KEYS */;
INSERT INTO `contest` VALUES (2,'2026-06-07 04:51:34','2026-06-07 04:51:34','Test #2','test','2026-06-07 04:55:00',120,'2026-06-07 06:55:00',1),(3,'2026-06-07 14:50:08','2026-06-07 14:50:08','Test #3',NULL,'2026-06-07 14:51:00',7,'2026-06-07 14:58:00',1);
/*!40000 ALTER TABLE `contest` ENABLE KEYS */;
UNLOCK TABLES;

--
-- Table structure for table `contest_participant`
--

DROP TABLE IF EXISTS `contest_participant`;
/*!40101 SET @saved_cs_client     = @@character_set_client */;
/*!50503 SET character_set_client = utf8mb4 */;
CREATE TABLE `contest_participant` (
  `id` bigint unsigned NOT NULL AUTO_INCREMENT,
  `contest_id` bigint unsigned NOT NULL,
  `user_id` bigint unsigned NOT NULL,
  `joined_at` timestamp NOT NULL DEFAULT CURRENT_TIMESTAMP,
  `created_at` timestamp NULL DEFAULT NULL,
  `updated_at` timestamp NULL DEFAULT NULL,
  PRIMARY KEY (`id`),
  UNIQUE KEY `contest_participant_contest_id_user_id_unique` (`contest_id`,`user_id`),
  KEY `contest_participant_user_id_foreign` (`user_id`),
  CONSTRAINT `contest_participant_contest_id_foreign` FOREIGN KEY (`contest_id`) REFERENCES `contest` (`id`) ON DELETE CASCADE,
  CONSTRAINT `contest_participant_user_id_foreign` FOREIGN KEY (`user_id`) REFERENCES `users` (`id`) ON DELETE CASCADE
) ENGINE=InnoDB AUTO_INCREMENT=4 DEFAULT CHARSET=utf8mb4 COLLATE=utf8mb4_unicode_ci;
/*!40101 SET character_set_client = @saved_cs_client */;

--
-- Dumping data for table `contest_participant`
--

LOCK TABLES `contest_participant` WRITE;
/*!40000 ALTER TABLE `contest_participant` DISABLE KEYS */;
INSERT INTO `contest_participant` VALUES (2,2,1,'2026-06-07 04:51:45','2026-06-07 04:51:45','2026-06-07 04:51:45'),(3,3,1,'2026-06-07 14:50:15','2026-06-07 14:50:15','2026-06-07 14:50:15');
/*!40000 ALTER TABLE `contest_participant` ENABLE KEYS */;
UNLOCK TABLES;

--
-- Table structure for table `contest_task`
--

DROP TABLE IF EXISTS `contest_task`;
/*!40101 SET @saved_cs_client     = @@character_set_client */;
/*!50503 SET character_set_client = utf8mb4 */;
CREATE TABLE `contest_task` (
  `id` bigint unsigned NOT NULL AUTO_INCREMENT,
  `contest_id` bigint unsigned NOT NULL,
  `task_id` bigint unsigned NOT NULL,
  `sort_order` int unsigned NOT NULL DEFAULT '0',
  `created_at` timestamp NULL DEFAULT NULL,
  `updated_at` timestamp NULL DEFAULT NULL,
  PRIMARY KEY (`id`),
  UNIQUE KEY `contest_task_contest_id_task_id_unique` (`contest_id`,`task_id`),
  KEY `contest_task_task_id_foreign` (`task_id`),
  CONSTRAINT `contest_task_contest_id_foreign` FOREIGN KEY (`contest_id`) REFERENCES `contest` (`id`) ON DELETE CASCADE,
  CONSTRAINT `contest_task_task_id_foreign` FOREIGN KEY (`task_id`) REFERENCES `task` (`id`) ON DELETE CASCADE
) ENGINE=InnoDB AUTO_INCREMENT=12 DEFAULT CHARSET=utf8mb4 COLLATE=utf8mb4_unicode_ci;
/*!40101 SET character_set_client = @saved_cs_client */;

--
-- Dumping data for table `contest_task`
--

LOCK TABLES `contest_task` WRITE;
/*!40000 ALTER TABLE `contest_task` DISABLE KEYS */;
INSERT INTO `contest_task` VALUES (5,2,7,1,NULL,NULL),(6,2,8,2,NULL,NULL),(7,2,9,3,NULL,NULL),(8,2,11,4,NULL,NULL),(9,3,12,1,NULL,NULL),(10,3,13,2,NULL,NULL),(11,3,15,3,NULL,NULL);
/*!40000 ALTER TABLE `contest_task` ENABLE KEYS */;
UNLOCK TABLES;

--
-- Table structure for table `course`
--

DROP TABLE IF EXISTS `course`;
/*!40101 SET @saved_cs_client     = @@character_set_client */;
/*!50503 SET character_set_client = utf8mb4 */;
CREATE TABLE `course` (
  `id` bigint unsigned NOT NULL AUTO_INCREMENT,
  `creator_id` bigint unsigned DEFAULT NULL,
  `title` varchar(100) COLLATE utf8mb4_unicode_ci NOT NULL,
  `description` varchar(255) COLLATE utf8mb4_unicode_ci DEFAULT NULL,
  `url` varchar(30) COLLATE utf8mb4_unicode_ci NOT NULL,
  `difficulty` enum('beginner','intermediate','advanced') COLLATE utf8mb4_unicode_ci NOT NULL,
  `time_of_passage_hours` decimal(8,2) DEFAULT NULL,
  `intro_img_path` varchar(500) COLLATE utf8mb4_unicode_ci DEFAULT NULL,
  `status` varchar(20) COLLATE utf8mb4_unicode_ci NOT NULL DEFAULT 'published',
  `created_at` timestamp NULL DEFAULT NULL,
  `updated_at` timestamp NULL DEFAULT NULL,
  PRIMARY KEY (`id`),
  UNIQUE KEY `course_url_unique` (`url`),
  KEY `course_creator_id_foreign` (`creator_id`),
  CONSTRAINT `course_creator_id_foreign` FOREIGN KEY (`creator_id`) REFERENCES `users` (`id`) ON DELETE SET NULL
) ENGINE=InnoDB AUTO_INCREMENT=5 DEFAULT CHARSET=utf8mb4 COLLATE=utf8mb4_unicode_ci;
/*!40101 SET character_set_client = @saved_cs_client */;

--
-- Dumping data for table `course`
--

LOCK TABLES `course` WRITE;
/*!40000 ALTER TABLE `course` DISABLE KEYS */;
INSERT INTO `course` VALUES (4,1,'Основы Python для начинающих','Курс для первых шагов в Python. Подходит школьникам без опыта программирования. Включает базовые темы: ввод и вывод, переменные, условия, циклы, списки, строки и простые практические задачи.','basic-python-course','beginner',4.00,NULL,'published','2026-06-02 01:53:56','2026-06-02 02:00:54');
/*!40000 ALTER TABLE `course` ENABLE KEYS */;
UNLOCK TABLES;

--
-- Table structure for table `course_category`
--

DROP TABLE IF EXISTS `course_category`;
/*!40101 SET @saved_cs_client     = @@character_set_client */;
/*!50503 SET character_set_client = utf8mb4 */;
CREATE TABLE `course_category` (
  `id` bigint unsigned NOT NULL AUTO_INCREMENT,
  `course_id` bigint unsigned NOT NULL,
  `category_id` bigint unsigned NOT NULL,
  `created_at` timestamp NULL DEFAULT NULL,
  `updated_at` timestamp NULL DEFAULT NULL,
  PRIMARY KEY (`id`),
  UNIQUE KEY `course_category_course_id_category_id_unique` (`course_id`,`category_id`),
  KEY `course_category_category_id_foreign` (`category_id`),
  CONSTRAINT `course_category_category_id_foreign` FOREIGN KEY (`category_id`) REFERENCES `task_category` (`id`) ON DELETE CASCADE,
  CONSTRAINT `course_category_course_id_foreign` FOREIGN KEY (`course_id`) REFERENCES `course` (`id`) ON DELETE CASCADE
) ENGINE=InnoDB AUTO_INCREMENT=5 DEFAULT CHARSET=utf8mb4 COLLATE=utf8mb4_unicode_ci;
/*!40101 SET character_set_client = @saved_cs_client */;

--
-- Dumping data for table `course_category`
--

LOCK TABLES `course_category` WRITE;
/*!40000 ALTER TABLE `course_category` DISABLE KEYS */;
INSERT INTO `course_category` VALUES (1,4,1,'2026-06-02 01:53:56','2026-06-02 01:53:56'),(2,4,7,'2026-06-02 01:53:56','2026-06-02 01:53:56'),(3,4,3,'2026-06-02 01:53:56','2026-06-02 01:53:56'),(4,4,6,'2026-06-02 01:53:56','2026-06-02 01:53:56');
/*!40000 ALTER TABLE `course_category` ENABLE KEYS */;
UNLOCK TABLES;

--
-- Table structure for table `course_lesson`
--

DROP TABLE IF EXISTS `course_lesson`;
/*!40101 SET @saved_cs_client     = @@character_set_client */;
/*!50503 SET character_set_client = utf8mb4 */;
CREATE TABLE `course_lesson` (
  `id` bigint unsigned NOT NULL AUTO_INCREMENT,
  `title` varchar(255) COLLATE utf8mb4_unicode_ci NOT NULL,
  `order` int NOT NULL DEFAULT '0',
  `course_id` bigint unsigned NOT NULL,
  `created_at` timestamp NULL DEFAULT NULL,
  `updated_at` timestamp NULL DEFAULT NULL,
  PRIMARY KEY (`id`),
  KEY `course_lesson_course_id_foreign` (`course_id`),
  CONSTRAINT `course_lesson_course_id_foreign` FOREIGN KEY (`course_id`) REFERENCES `course` (`id`) ON DELETE CASCADE
) ENGINE=InnoDB AUTO_INCREMENT=33 DEFAULT CHARSET=utf8mb4 COLLATE=utf8mb4_unicode_ci;
/*!40101 SET character_set_client = @saved_cs_client */;

--
-- Dumping data for table `course_lesson`
--

LOCK TABLES `course_lesson` WRITE;
/*!40000 ALTER TABLE `course_lesson` DISABLE KEYS */;
INSERT INTO `course_lesson` VALUES (25,'Что такое программирование',1,4,'2026-06-02 02:43:07','2026-06-02 02:43:07'),(26,'Первая программа и функция print',2,4,'2026-06-02 02:43:07','2026-06-02 02:43:07'),(27,'Переменные',3,4,'2026-06-02 02:43:07','2026-06-02 02:43:07'),(28,'Ввод данных',4,4,'2026-06-02 02:43:07','2026-06-02 02:43:07'),(29,'Арифметические операции',5,4,'2026-06-02 02:43:07','2026-06-02 02:43:07'),(30,'Условия if, else, elif',6,4,'2026-06-02 02:43:07','2026-06-02 02:43:07'),(31,'Цикл while',7,4,'2026-06-02 02:43:07','2026-06-02 02:43:07'),(32,'Цикл for и range',8,4,'2026-06-02 02:43:07','2026-06-02 02:43:07');
/*!40000 ALTER TABLE `course_lesson` ENABLE KEYS */;
UNLOCK TABLES;

--
-- Table structure for table `course_participant`
--

DROP TABLE IF EXISTS `course_participant`;
/*!40101 SET @saved_cs_client     = @@character_set_client */;
/*!50503 SET character_set_client = utf8mb4 */;
CREATE TABLE `course_participant` (
  `id` bigint unsigned NOT NULL AUTO_INCREMENT,
  `user_id` bigint unsigned DEFAULT NULL,
  `course_id` bigint unsigned NOT NULL,
  `created_at` timestamp NULL DEFAULT NULL,
  `updated_at` timestamp NULL DEFAULT NULL,
  PRIMARY KEY (`id`),
  KEY `course_participant_user_id_foreign` (`user_id`),
  KEY `course_participant_course_id_foreign` (`course_id`),
  CONSTRAINT `course_participant_course_id_foreign` FOREIGN KEY (`course_id`) REFERENCES `course` (`id`) ON DELETE CASCADE,
  CONSTRAINT `course_participant_user_id_foreign` FOREIGN KEY (`user_id`) REFERENCES `users` (`id`) ON DELETE SET NULL
) ENGINE=InnoDB AUTO_INCREMENT=20 DEFAULT CHARSET=utf8mb4 COLLATE=utf8mb4_unicode_ci;
/*!40101 SET character_set_client = @saved_cs_client */;

--
-- Dumping data for table `course_participant`
--

LOCK TABLES `course_participant` WRITE;
/*!40000 ALTER TABLE `course_participant` DISABLE KEYS */;
INSERT INTO `course_participant` VALUES (4,4,4,'2026-06-02 02:03:01','2026-06-02 02:03:01'),(6,6,4,'2026-06-02 03:30:36','2026-06-02 03:30:36'),(7,10,4,'2026-06-02 05:37:44','2026-06-02 05:37:44'),(8,15,4,'2026-06-02 05:52:40','2026-06-02 05:52:40'),(9,13,4,'2026-06-02 05:53:49','2026-06-02 05:53:49'),(10,21,4,'2026-06-02 06:02:30','2026-06-02 06:02:30'),(11,23,4,'2026-06-02 06:10:47','2026-06-02 06:10:47'),(12,26,4,'2026-06-02 06:13:28','2026-06-02 06:13:28'),(13,12,4,'2026-06-02 06:23:07','2026-06-02 06:23:07'),(14,22,4,'2026-06-02 06:25:23','2026-06-02 06:25:23'),(15,14,4,'2026-06-02 06:36:07','2026-06-02 06:36:07'),(16,49,4,'2026-06-02 18:31:43','2026-06-02 18:31:43'),(17,56,4,'2026-06-03 19:52:31','2026-06-03 19:52:31'),(18,58,4,'2026-06-05 11:13:37','2026-06-05 11:13:37'),(19,1,4,'2026-06-08 04:43:25','2026-06-08 04:43:25');
/*!40000 ALTER TABLE `course_participant` ENABLE KEYS */;
UNLOCK TABLES;

--
-- Table structure for table `environment`
--

DROP TABLE IF EXISTS `environment`;
/*!40101 SET @saved_cs_client     = @@character_set_client */;
/*!50503 SET character_set_client = utf8mb4 */;
CREATE TABLE `environment` (
  `id` bigint unsigned NOT NULL AUTO_INCREMENT,
  `name` varchar(255) COLLATE utf8mb4_unicode_ci NOT NULL,
  `slug` varchar(255) COLLATE utf8mb4_unicode_ci NOT NULL,
  `description` text COLLATE utf8mb4_unicode_ci,
  `docker_image_name` varchar(255) COLLATE utf8mb4_unicode_ci NOT NULL,
  `editor_libraries` json DEFAULT NULL,
  `is_active` tinyint(1) NOT NULL DEFAULT '1',
  `created_at` timestamp NULL DEFAULT NULL,
  `updated_at` timestamp NULL DEFAULT NULL,
  PRIMARY KEY (`id`),
  UNIQUE KEY `environment_slug_unique` (`slug`),
  UNIQUE KEY `environment_docker_image_name_unique` (`docker_image_name`)
) ENGINE=InnoDB AUTO_INCREMENT=3 DEFAULT CHARSET=utf8mb4 COLLATE=utf8mb4_unicode_ci;
/*!40101 SET character_set_client = @saved_cs_client */;

--
-- Dumping data for table `environment`
--

LOCK TABLES `environment` WRITE;
/*!40000 ALTER TABLE `environment` DISABLE KEYS */;
INSERT INTO `environment` VALUES (1,'Python 3.12 Judge','python-312-judge','Стандартное окружение Python 3.12 с /usr/bin/time для измерения памяти.','python-learn/judge-python:3.12','[]',1,'2026-06-01 15:56:02','2026-06-01 15:56:02'),(2,'Python 3.12 Pandas Judge','python-312-pandas-judge','Окружение Python 3.12 для анализа данных: pandas, numpy, openpyxl, pyarrow и /usr/bin/time.','python-learn/judge-python-pandas:3.12','[\"pandas\", \"numpy\", \"openpyxl\", \"pyarrow\"]',1,'2026-06-01 15:56:32','2026-06-01 15:56:32');
/*!40000 ALTER TABLE `environment` ENABLE KEYS */;
UNLOCK TABLES;

--
-- Table structure for table `failed_jobs`
--

DROP TABLE IF EXISTS `failed_jobs`;
/*!40101 SET @saved_cs_client     = @@character_set_client */;
/*!50503 SET character_set_client = utf8mb4 */;
CREATE TABLE `failed_jobs` (
  `id` bigint unsigned NOT NULL AUTO_INCREMENT,
  `uuid` varchar(255) COLLATE utf8mb4_unicode_ci NOT NULL,
  `connection` text COLLATE utf8mb4_unicode_ci NOT NULL,
  `queue` text COLLATE utf8mb4_unicode_ci NOT NULL,
  `payload` longtext COLLATE utf8mb4_unicode_ci NOT NULL,
  `exception` longtext COLLATE utf8mb4_unicode_ci NOT NULL,
  `failed_at` timestamp NOT NULL DEFAULT CURRENT_TIMESTAMP,
  PRIMARY KEY (`id`),
  UNIQUE KEY `failed_jobs_uuid_unique` (`uuid`)
) ENGINE=InnoDB AUTO_INCREMENT=10 DEFAULT CHARSET=utf8mb4 COLLATE=utf8mb4_unicode_ci;
/*!40101 SET character_set_client = @saved_cs_client */;

--
-- Dumping data for table `failed_jobs`
--

LOCK TABLES `failed_jobs` WRITE;
/*!40000 ALTER TABLE `failed_jobs` DISABLE KEYS */;
INSERT INTO `failed_jobs` VALUES (1,'bdbf6754-40dc-4fe7-a04c-8361ca2e23b7','redis','solution-checks','{\"data\":{\"command\":\"O:22:\\\"App\\\\Jobs\\\\CheckSolution\\\":4:{s:4:\\\"code\\\";s:69:\\\"a = int(input())\\nb = int(input())\\n\\nwhile True:\\n    print(\\\"X\\\" * 10000)\\\";s:6:\\\"taskId\\\";i:7;s:6:\\\"userId\\\";i:3;s:5:\\\"queue\\\";s:15:\\\"solution-checks\\\";}\",\"commandName\":\"App\\\\Jobs\\\\CheckSolution\"},\"maxTries\":null,\"createdAt\":1780334980,\"failOnTimeout\":false,\"attempts\":1,\"uuid\":\"bdbf6754-40dc-4fe7-a04c-8361ca2e23b7\",\"timeout\":null,\"tags\":{},\"id\":\"bdbf6754-40dc-4fe7-a04c-8361ca2e23b7\",\"maxExceptions\":null,\"pushedAt\":\"1780334980.3617\",\"job\":\"Illuminate\\\\Queue\\\\CallQueuedHandler@call\",\"type\":\"job\",\"silenced\":false,\"retryUntil\":null,\"backoff\":null,\"delay\":null,\"displayName\":\"App\\\\Jobs\\\\CheckSolution\"}','Illuminate\\Queue\\MaxAttemptsExceededException: App\\Jobs\\CheckSolution has been attempted too many times. in /var/www/html/vendor/laravel/framework/src/Illuminate/Queue/MaxAttemptsExceededException.php:24\nStack trace:\n#0 /var/www/html/vendor/laravel/framework/src/Illuminate/Queue/Worker.php(793): Illuminate\\Queue\\MaxAttemptsExceededException::forJob(Object(Illuminate\\Queue\\Jobs\\RedisJob))\n#1 /var/www/html/vendor/laravel/framework/src/Illuminate/Queue/Worker.php(527): Illuminate\\Queue\\Worker->maxAttemptsExceededException(Object(Illuminate\\Queue\\Jobs\\RedisJob))\n#2 /var/www/html/vendor/laravel/framework/src/Illuminate/Queue/Worker.php(430): Illuminate\\Queue\\Worker->markJobAsFailedIfAlreadyExceedsMaxAttempts(\'redis\', Object(Illuminate\\Queue\\Jobs\\RedisJob), 1)\n#3 /var/www/html/vendor/laravel/framework/src/Illuminate/Queue/Worker.php(391): Illuminate\\Queue\\Worker->process(\'redis\', Object(Illuminate\\Queue\\Jobs\\RedisJob), Object(Illuminate\\Queue\\WorkerOptions))\n#4 /var/www/html/vendor/laravel/framework/src/Illuminate/Queue/Worker.php(177): Illuminate\\Queue\\Worker->runJob(Object(Illuminate\\Queue\\Jobs\\RedisJob), \'redis\', Object(Illuminate\\Queue\\WorkerOptions))\n#5 /var/www/html/vendor/laravel/framework/src/Illuminate/Queue/Console/WorkCommand.php(148): Illuminate\\Queue\\Worker->daemon(\'redis\', \'solution-checks\', Object(Illuminate\\Queue\\WorkerOptions))\n#6 /var/www/html/vendor/laravel/framework/src/Illuminate/Queue/Console/WorkCommand.php(131): Illuminate\\Queue\\Console\\WorkCommand->runWorker(\'redis\', \'solution-checks\')\n#7 /var/www/html/vendor/laravel/framework/src/Illuminate/Container/BoundMethod.php(36): Illuminate\\Queue\\Console\\WorkCommand->handle()\n#8 /var/www/html/vendor/laravel/framework/src/Illuminate/Container/Util.php(43): Illuminate\\Container\\BoundMethod::Illuminate\\Container\\{closure}()\n#9 /var/www/html/vendor/laravel/framework/src/Illuminate/Container/BoundMethod.php(96): Illuminate\\Container\\Util::unwrapIfClosure(Object(Closure))\n#10 /var/www/html/vendor/laravel/framework/src/Illuminate/Container/BoundMethod.php(35): Illuminate\\Container\\BoundMethod::callBoundMethod(Object(Illuminate\\Foundation\\Application), Array, Object(Closure))\n#11 /var/www/html/vendor/laravel/framework/src/Illuminate/Container/Container.php(754): Illuminate\\Container\\BoundMethod::call(Object(Illuminate\\Foundation\\Application), Array, Array, NULL)\n#12 /var/www/html/vendor/laravel/framework/src/Illuminate/Console/Command.php(211): Illuminate\\Container\\Container->call(Array)\n#13 /var/www/html/vendor/symfony/console/Command/Command.php(279): Illuminate\\Console\\Command->execute(Object(Symfony\\Component\\Console\\Input\\ArgvInput), Object(Illuminate\\Console\\OutputStyle))\n#14 /var/www/html/vendor/laravel/framework/src/Illuminate/Console/Command.php(180): Symfony\\Component\\Console\\Command\\Command->run(Object(Symfony\\Component\\Console\\Input\\ArgvInput), Object(Illuminate\\Console\\OutputStyle))\n#15 /var/www/html/vendor/symfony/console/Application.php(1094): Illuminate\\Console\\Command->run(Object(Symfony\\Component\\Console\\Input\\ArgvInput), Object(Symfony\\Component\\Console\\Output\\ConsoleOutput))\n#16 /var/www/html/vendor/symfony/console/Application.php(342): Symfony\\Component\\Console\\Application->doRunCommand(Object(Illuminate\\Queue\\Console\\WorkCommand), Object(Symfony\\Component\\Console\\Input\\ArgvInput), Object(Symfony\\Component\\Console\\Output\\ConsoleOutput))\n#17 /var/www/html/vendor/symfony/console/Application.php(193): Symfony\\Component\\Console\\Application->doRun(Object(Symfony\\Component\\Console\\Input\\ArgvInput), Object(Symfony\\Component\\Console\\Output\\ConsoleOutput))\n#18 /var/www/html/vendor/laravel/framework/src/Illuminate/Foundation/Console/Kernel.php(197): Symfony\\Component\\Console\\Application->run(Object(Symfony\\Component\\Console\\Input\\ArgvInput), Object(Symfony\\Component\\Console\\Output\\ConsoleOutput))\n#19 /var/www/html/vendor/laravel/framework/src/Illuminate/Foundation/Application.php(1234): Illuminate\\Foundation\\Console\\Kernel->handle(Object(Symfony\\Component\\Console\\Input\\ArgvInput), Object(Symfony\\Component\\Console\\Output\\ConsoleOutput))\n#20 /var/www/html/artisan(16): Illuminate\\Foundation\\Application->handleCommand(Object(Symfony\\Component\\Console\\Input\\ArgvInput))\n#21 {main}','2026-06-01 17:31:10'),(3,'a6d406a0-323b-4826-8e4c-62c91e80da82','redis','solution-checks','{\"data\":{\"command\":\"O:22:\\\"App\\\\Jobs\\\\CheckSolution\\\":4:{s:4:\\\"code\\\";s:49:\\\"# n = int(input())\\n\\nwhile True:\\n    print(\\\"test\\\")\\\";s:6:\\\"taskId\\\";i:12;s:6:\\\"userId\\\";i:1;s:5:\\\"queue\\\";s:15:\\\"solution-checks\\\";}\",\"commandName\":\"App\\\\Jobs\\\\CheckSolution\"},\"maxTries\":null,\"createdAt\":1780794834,\"failOnTimeout\":false,\"attempts\":1,\"uuid\":\"a6d406a0-323b-4826-8e4c-62c91e80da82\",\"timeout\":null,\"tags\":{},\"id\":\"a6d406a0-323b-4826-8e4c-62c91e80da82\",\"maxExceptions\":null,\"pushedAt\":\"1780794834.4359\",\"job\":\"Illuminate\\\\Queue\\\\CallQueuedHandler@call\",\"type\":\"job\",\"silenced\":false,\"retryUntil\":null,\"backoff\":null,\"delay\":null,\"displayName\":\"App\\\\Jobs\\\\CheckSolution\"}','Illuminate\\Queue\\MaxAttemptsExceededException: App\\Jobs\\CheckSolution has been attempted too many times. in /var/www/html/vendor/laravel/framework/src/Illuminate/Queue/MaxAttemptsExceededException.php:24\nStack trace:\n#0 /var/www/html/vendor/laravel/framework/src/Illuminate/Queue/Worker.php(793): Illuminate\\Queue\\MaxAttemptsExceededException::forJob(Object(Illuminate\\Queue\\Jobs\\RedisJob))\n#1 /var/www/html/vendor/laravel/framework/src/Illuminate/Queue/Worker.php(527): Illuminate\\Queue\\Worker->maxAttemptsExceededException(Object(Illuminate\\Queue\\Jobs\\RedisJob))\n#2 /var/www/html/vendor/laravel/framework/src/Illuminate/Queue/Worker.php(430): Illuminate\\Queue\\Worker->markJobAsFailedIfAlreadyExceedsMaxAttempts(\'redis\', Object(Illuminate\\Queue\\Jobs\\RedisJob), 1)\n#3 /var/www/html/vendor/laravel/framework/src/Illuminate/Queue/Worker.php(391): Illuminate\\Queue\\Worker->process(\'redis\', Object(Illuminate\\Queue\\Jobs\\RedisJob), Object(Illuminate\\Queue\\WorkerOptions))\n#4 /var/www/html/vendor/laravel/framework/src/Illuminate/Queue/Worker.php(177): Illuminate\\Queue\\Worker->runJob(Object(Illuminate\\Queue\\Jobs\\RedisJob), \'redis\', Object(Illuminate\\Queue\\WorkerOptions))\n#5 /var/www/html/vendor/laravel/framework/src/Illuminate/Queue/Console/WorkCommand.php(148): Illuminate\\Queue\\Worker->daemon(\'redis\', \'solution-checks\', Object(Illuminate\\Queue\\WorkerOptions))\n#6 /var/www/html/vendor/laravel/framework/src/Illuminate/Queue/Console/WorkCommand.php(131): Illuminate\\Queue\\Console\\WorkCommand->runWorker(\'redis\', \'solution-checks\')\n#7 /var/www/html/vendor/laravel/framework/src/Illuminate/Container/BoundMethod.php(36): Illuminate\\Queue\\Console\\WorkCommand->handle()\n#8 /var/www/html/vendor/laravel/framework/src/Illuminate/Container/Util.php(43): Illuminate\\Container\\BoundMethod::Illuminate\\Container\\{closure}()\n#9 /var/www/html/vendor/laravel/framework/src/Illuminate/Container/BoundMethod.php(96): Illuminate\\Container\\Util::unwrapIfClosure(Object(Closure))\n#10 /var/www/html/vendor/laravel/framework/src/Illuminate/Container/BoundMethod.php(35): Illuminate\\Container\\BoundMethod::callBoundMethod(Object(Illuminate\\Foundation\\Application), Array, Object(Closure))\n#11 /var/www/html/vendor/laravel/framework/src/Illuminate/Container/Container.php(754): Illuminate\\Container\\BoundMethod::call(Object(Illuminate\\Foundation\\Application), Array, Array, NULL)\n#12 /var/www/html/vendor/laravel/framework/src/Illuminate/Console/Command.php(211): Illuminate\\Container\\Container->call(Array)\n#13 /var/www/html/vendor/symfony/console/Command/Command.php(279): Illuminate\\Console\\Command->execute(Object(Symfony\\Component\\Console\\Input\\ArgvInput), Object(Illuminate\\Console\\OutputStyle))\n#14 /var/www/html/vendor/laravel/framework/src/Illuminate/Console/Command.php(180): Symfony\\Component\\Console\\Command\\Command->run(Object(Symfony\\Component\\Console\\Input\\ArgvInput), Object(Illuminate\\Console\\OutputStyle))\n#15 /var/www/html/vendor/symfony/console/Application.php(1094): Illuminate\\Console\\Command->run(Object(Symfony\\Component\\Console\\Input\\ArgvInput), Object(Symfony\\Component\\Console\\Output\\ConsoleOutput))\n#16 /var/www/html/vendor/symfony/console/Application.php(342): Symfony\\Component\\Console\\Application->doRunCommand(Object(Illuminate\\Queue\\Console\\WorkCommand), Object(Symfony\\Component\\Console\\Input\\ArgvInput), Object(Symfony\\Component\\Console\\Output\\ConsoleOutput))\n#17 /var/www/html/vendor/symfony/console/Application.php(193): Symfony\\Component\\Console\\Application->doRun(Object(Symfony\\Component\\Console\\Input\\ArgvInput), Object(Symfony\\Component\\Console\\Output\\ConsoleOutput))\n#18 /var/www/html/vendor/laravel/framework/src/Illuminate/Foundation/Console/Kernel.php(197): Symfony\\Component\\Console\\Application->run(Object(Symfony\\Component\\Console\\Input\\ArgvInput), Object(Symfony\\Component\\Console\\Output\\ConsoleOutput))\n#19 /var/www/html/vendor/laravel/framework/src/Illuminate/Foundation/Application.php(1234): Illuminate\\Foundation\\Console\\Kernel->handle(Object(Symfony\\Component\\Console\\Input\\ArgvInput), Object(Symfony\\Component\\Console\\Output\\ConsoleOutput))\n#20 /var/www/html/artisan(16): Illuminate\\Foundation\\Application->handleCommand(Object(Symfony\\Component\\Console\\Input\\ArgvInput))\n#21 {main}','2026-06-07 01:15:24'),(5,'b2684a85-991e-4fe8-ada3-d788cb60e6f4','redis','solution-checks','{\"data\":{\"command\":\"O:22:\\\"App\\\\Jobs\\\\CheckSolution\\\":4:{s:4:\\\"code\\\";s:69:\\\"# n = int(input())\\n\\n# n = int(input())\\n\\nwhile True:\\n    print(\\\"test\\\")\\\";s:6:\\\"taskId\\\";i:12;s:6:\\\"userId\\\";i:1;s:5:\\\"queue\\\";s:15:\\\"solution-checks\\\";}\",\"commandName\":\"App\\\\Jobs\\\\CheckSolution\"},\"maxTries\":null,\"createdAt\":1780794885,\"failOnTimeout\":false,\"attempts\":1,\"uuid\":\"b2684a85-991e-4fe8-ada3-d788cb60e6f4\",\"timeout\":null,\"tags\":{},\"id\":\"b2684a85-991e-4fe8-ada3-d788cb60e6f4\",\"maxExceptions\":null,\"pushedAt\":\"1780794885.3422\",\"job\":\"Illuminate\\\\Queue\\\\CallQueuedHandler@call\",\"type\":\"job\",\"silenced\":false,\"retryUntil\":null,\"backoff\":null,\"delay\":null,\"displayName\":\"App\\\\Jobs\\\\CheckSolution\"}','Illuminate\\Queue\\MaxAttemptsExceededException: App\\Jobs\\CheckSolution has been attempted too many times. in /var/www/html/vendor/laravel/framework/src/Illuminate/Queue/MaxAttemptsExceededException.php:24\nStack trace:\n#0 /var/www/html/vendor/laravel/framework/src/Illuminate/Queue/Worker.php(793): Illuminate\\Queue\\MaxAttemptsExceededException::forJob(Object(Illuminate\\Queue\\Jobs\\RedisJob))\n#1 /var/www/html/vendor/laravel/framework/src/Illuminate/Queue/Worker.php(527): Illuminate\\Queue\\Worker->maxAttemptsExceededException(Object(Illuminate\\Queue\\Jobs\\RedisJob))\n#2 /var/www/html/vendor/laravel/framework/src/Illuminate/Queue/Worker.php(430): Illuminate\\Queue\\Worker->markJobAsFailedIfAlreadyExceedsMaxAttempts(\'redis\', Object(Illuminate\\Queue\\Jobs\\RedisJob), 1)\n#3 /var/www/html/vendor/laravel/framework/src/Illuminate/Queue/Worker.php(391): Illuminate\\Queue\\Worker->process(\'redis\', Object(Illuminate\\Queue\\Jobs\\RedisJob), Object(Illuminate\\Queue\\WorkerOptions))\n#4 /var/www/html/vendor/laravel/framework/src/Illuminate/Queue/Worker.php(177): Illuminate\\Queue\\Worker->runJob(Object(Illuminate\\Queue\\Jobs\\RedisJob), \'redis\', Object(Illuminate\\Queue\\WorkerOptions))\n#5 /var/www/html/vendor/laravel/framework/src/Illuminate/Queue/Console/WorkCommand.php(148): Illuminate\\Queue\\Worker->daemon(\'redis\', \'solution-checks\', Object(Illuminate\\Queue\\WorkerOptions))\n#6 /var/www/html/vendor/laravel/framework/src/Illuminate/Queue/Console/WorkCommand.php(131): Illuminate\\Queue\\Console\\WorkCommand->runWorker(\'redis\', \'solution-checks\')\n#7 /var/www/html/vendor/laravel/framework/src/Illuminate/Container/BoundMethod.php(36): Illuminate\\Queue\\Console\\WorkCommand->handle()\n#8 /var/www/html/vendor/laravel/framework/src/Illuminate/Container/Util.php(43): Illuminate\\Container\\BoundMethod::Illuminate\\Container\\{closure}()\n#9 /var/www/html/vendor/laravel/framework/src/Illuminate/Container/BoundMethod.php(96): Illuminate\\Container\\Util::unwrapIfClosure(Object(Closure))\n#10 /var/www/html/vendor/laravel/framework/src/Illuminate/Container/BoundMethod.php(35): Illuminate\\Container\\BoundMethod::callBoundMethod(Object(Illuminate\\Foundation\\Application), Array, Object(Closure))\n#11 /var/www/html/vendor/laravel/framework/src/Illuminate/Container/Container.php(754): Illuminate\\Container\\BoundMethod::call(Object(Illuminate\\Foundation\\Application), Array, Array, NULL)\n#12 /var/www/html/vendor/laravel/framework/src/Illuminate/Console/Command.php(211): Illuminate\\Container\\Container->call(Array)\n#13 /var/www/html/vendor/symfony/console/Command/Command.php(279): Illuminate\\Console\\Command->execute(Object(Symfony\\Component\\Console\\Input\\ArgvInput), Object(Illuminate\\Console\\OutputStyle))\n#14 /var/www/html/vendor/laravel/framework/src/Illuminate/Console/Command.php(180): Symfony\\Component\\Console\\Command\\Command->run(Object(Symfony\\Component\\Console\\Input\\ArgvInput), Object(Illuminate\\Console\\OutputStyle))\n#15 /var/www/html/vendor/symfony/console/Application.php(1094): Illuminate\\Console\\Command->run(Object(Symfony\\Component\\Console\\Input\\ArgvInput), Object(Symfony\\Component\\Console\\Output\\ConsoleOutput))\n#16 /var/www/html/vendor/symfony/console/Application.php(342): Symfony\\Component\\Console\\Application->doRunCommand(Object(Illuminate\\Queue\\Console\\WorkCommand), Object(Symfony\\Component\\Console\\Input\\ArgvInput), Object(Symfony\\Component\\Console\\Output\\ConsoleOutput))\n#17 /var/www/html/vendor/symfony/console/Application.php(193): Symfony\\Component\\Console\\Application->doRun(Object(Symfony\\Component\\Console\\Input\\ArgvInput), Object(Symfony\\Component\\Console\\Output\\ConsoleOutput))\n#18 /var/www/html/vendor/laravel/framework/src/Illuminate/Foundation/Console/Kernel.php(197): Symfony\\Component\\Console\\Application->run(Object(Symfony\\Component\\Console\\Input\\ArgvInput), Object(Symfony\\Component\\Console\\Output\\ConsoleOutput))\n#19 /var/www/html/vendor/laravel/framework/src/Illuminate/Foundation/Application.php(1234): Illuminate\\Foundation\\Console\\Kernel->handle(Object(Symfony\\Component\\Console\\Input\\ArgvInput), Object(Symfony\\Component\\Console\\Output\\ConsoleOutput))\n#20 /var/www/html/artisan(16): Illuminate\\Foundation\\Application->handleCommand(Object(Symfony\\Component\\Console\\Input\\ArgvInput))\n#21 {main}','2026-06-07 01:16:15'),(7,'209c508c-77d1-46a9-9818-f7db2f360bb5','redis','solution-checks','{\"data\":{\"command\":\"O:22:\\\"App\\\\Jobs\\\\CheckSolution\\\":4:{s:4:\\\"code\\\";s:87:\\\"# n = int(input())\\n\\n# n = int(input())\\n\\nn = int(input())\\n\\nwhile True:\\n    print(\\\"test\\\")\\\";s:6:\\\"taskId\\\";i:12;s:6:\\\"userId\\\";i:1;s:5:\\\"queue\\\";s:15:\\\"solution-checks\\\";}\",\"commandName\":\"App\\\\Jobs\\\\CheckSolution\"},\"maxTries\":null,\"createdAt\":1780795014,\"failOnTimeout\":false,\"attempts\":1,\"uuid\":\"209c508c-77d1-46a9-9818-f7db2f360bb5\",\"timeout\":null,\"tags\":{},\"id\":\"209c508c-77d1-46a9-9818-f7db2f360bb5\",\"maxExceptions\":null,\"pushedAt\":\"1780795014.509\",\"job\":\"Illuminate\\\\Queue\\\\CallQueuedHandler@call\",\"type\":\"job\",\"silenced\":false,\"retryUntil\":null,\"backoff\":null,\"delay\":null,\"displayName\":\"App\\\\Jobs\\\\CheckSolution\"}','Illuminate\\Queue\\MaxAttemptsExceededException: App\\Jobs\\CheckSolution has been attempted too many times. in /var/www/html/vendor/laravel/framework/src/Illuminate/Queue/MaxAttemptsExceededException.php:24\nStack trace:\n#0 /var/www/html/vendor/laravel/framework/src/Illuminate/Queue/Worker.php(793): Illuminate\\Queue\\MaxAttemptsExceededException::forJob(Object(Illuminate\\Queue\\Jobs\\RedisJob))\n#1 /var/www/html/vendor/laravel/framework/src/Illuminate/Queue/Worker.php(527): Illuminate\\Queue\\Worker->maxAttemptsExceededException(Object(Illuminate\\Queue\\Jobs\\RedisJob))\n#2 /var/www/html/vendor/laravel/framework/src/Illuminate/Queue/Worker.php(430): Illuminate\\Queue\\Worker->markJobAsFailedIfAlreadyExceedsMaxAttempts(\'redis\', Object(Illuminate\\Queue\\Jobs\\RedisJob), 1)\n#3 /var/www/html/vendor/laravel/framework/src/Illuminate/Queue/Worker.php(391): Illuminate\\Queue\\Worker->process(\'redis\', Object(Illuminate\\Queue\\Jobs\\RedisJob), Object(Illuminate\\Queue\\WorkerOptions))\n#4 /var/www/html/vendor/laravel/framework/src/Illuminate/Queue/Worker.php(177): Illuminate\\Queue\\Worker->runJob(Object(Illuminate\\Queue\\Jobs\\RedisJob), \'redis\', Object(Illuminate\\Queue\\WorkerOptions))\n#5 /var/www/html/vendor/laravel/framework/src/Illuminate/Queue/Console/WorkCommand.php(148): Illuminate\\Queue\\Worker->daemon(\'redis\', \'solution-checks\', Object(Illuminate\\Queue\\WorkerOptions))\n#6 /var/www/html/vendor/laravel/framework/src/Illuminate/Queue/Console/WorkCommand.php(131): Illuminate\\Queue\\Console\\WorkCommand->runWorker(\'redis\', \'solution-checks\')\n#7 /var/www/html/vendor/laravel/framework/src/Illuminate/Container/BoundMethod.php(36): Illuminate\\Queue\\Console\\WorkCommand->handle()\n#8 /var/www/html/vendor/laravel/framework/src/Illuminate/Container/Util.php(43): Illuminate\\Container\\BoundMethod::Illuminate\\Container\\{closure}()\n#9 /var/www/html/vendor/laravel/framework/src/Illuminate/Container/BoundMethod.php(96): Illuminate\\Container\\Util::unwrapIfClosure(Object(Closure))\n#10 /var/www/html/vendor/laravel/framework/src/Illuminate/Container/BoundMethod.php(35): Illuminate\\Container\\BoundMethod::callBoundMethod(Object(Illuminate\\Foundation\\Application), Array, Object(Closure))\n#11 /var/www/html/vendor/laravel/framework/src/Illuminate/Container/Container.php(754): Illuminate\\Container\\BoundMethod::call(Object(Illuminate\\Foundation\\Application), Array, Array, NULL)\n#12 /var/www/html/vendor/laravel/framework/src/Illuminate/Console/Command.php(211): Illuminate\\Container\\Container->call(Array)\n#13 /var/www/html/vendor/symfony/console/Command/Command.php(279): Illuminate\\Console\\Command->execute(Object(Symfony\\Component\\Console\\Input\\ArgvInput), Object(Illuminate\\Console\\OutputStyle))\n#14 /var/www/html/vendor/laravel/framework/src/Illuminate/Console/Command.php(180): Symfony\\Component\\Console\\Command\\Command->run(Object(Symfony\\Component\\Console\\Input\\ArgvInput), Object(Illuminate\\Console\\OutputStyle))\n#15 /var/www/html/vendor/symfony/console/Application.php(1094): Illuminate\\Console\\Command->run(Object(Symfony\\Component\\Console\\Input\\ArgvInput), Object(Symfony\\Component\\Console\\Output\\ConsoleOutput))\n#16 /var/www/html/vendor/symfony/console/Application.php(342): Symfony\\Component\\Console\\Application->doRunCommand(Object(Illuminate\\Queue\\Console\\WorkCommand), Object(Symfony\\Component\\Console\\Input\\ArgvInput), Object(Symfony\\Component\\Console\\Output\\ConsoleOutput))\n#17 /var/www/html/vendor/symfony/console/Application.php(193): Symfony\\Component\\Console\\Application->doRun(Object(Symfony\\Component\\Console\\Input\\ArgvInput), Object(Symfony\\Component\\Console\\Output\\ConsoleOutput))\n#18 /var/www/html/vendor/laravel/framework/src/Illuminate/Foundation/Console/Kernel.php(197): Symfony\\Component\\Console\\Application->run(Object(Symfony\\Component\\Console\\Input\\ArgvInput), Object(Symfony\\Component\\Console\\Output\\ConsoleOutput))\n#19 /var/www/html/vendor/laravel/framework/src/Illuminate/Foundation/Application.php(1234): Illuminate\\Foundation\\Console\\Kernel->handle(Object(Symfony\\Component\\Console\\Input\\ArgvInput), Object(Symfony\\Component\\Console\\Output\\ConsoleOutput))\n#20 /var/www/html/artisan(16): Illuminate\\Foundation\\Application->handleCommand(Object(Symfony\\Component\\Console\\Input\\ArgvInput))\n#21 {main}','2026-06-07 01:18:24'),(9,'c4b0bcc9-a098-44ce-89b1-194a09825558','redis','ai-hints','{\"data\":{\"command\":\"O:23:\\\"App\\\\Jobs\\\\GenerateAiHint\\\":5:{s:6:\\\"taskId\\\";i:17;s:9:\\\"attemptId\\\";i:132;s:6:\\\"userId\\\";i:1;s:9:\\\"requestId\\\";s:36:\\\"2b41a61d-730f-4f91-97e9-816fa752125b\\\";s:5:\\\"queue\\\";s:8:\\\"ai-hints\\\";}\",\"commandName\":\"App\\\\Jobs\\\\GenerateAiHint\"},\"maxTries\":1,\"createdAt\":1780865941,\"failOnTimeout\":false,\"attempts\":1,\"uuid\":\"c4b0bcc9-a098-44ce-89b1-194a09825558\",\"timeout\":180,\"tags\":{},\"id\":\"c4b0bcc9-a098-44ce-89b1-194a09825558\",\"maxExceptions\":null,\"pushedAt\":\"1780865941.3984\",\"job\":\"Illuminate\\\\Queue\\\\CallQueuedHandler@call\",\"type\":\"job\",\"silenced\":false,\"retryUntil\":null,\"backoff\":null,\"delay\":null,\"displayName\":\"App\\\\Jobs\\\\GenerateAiHint\"}','Illuminate\\Queue\\MaxAttemptsExceededException: App\\Jobs\\GenerateAiHint has been attempted too many times. in /var/www/html/vendor/laravel/framework/src/Illuminate/Queue/MaxAttemptsExceededException.php:24\nStack trace:\n#0 /var/www/html/vendor/laravel/framework/src/Illuminate/Queue/Worker.php(793): Illuminate\\Queue\\MaxAttemptsExceededException::forJob(Object(Illuminate\\Queue\\Jobs\\RedisJob))\n#1 /var/www/html/vendor/laravel/framework/src/Illuminate/Queue/Worker.php(527): Illuminate\\Queue\\Worker->maxAttemptsExceededException(Object(Illuminate\\Queue\\Jobs\\RedisJob))\n#2 /var/www/html/vendor/laravel/framework/src/Illuminate/Queue/Worker.php(430): Illuminate\\Queue\\Worker->markJobAsFailedIfAlreadyExceedsMaxAttempts(\'redis\', Object(Illuminate\\Queue\\Jobs\\RedisJob), 1)\n#3 /var/www/html/vendor/laravel/framework/src/Illuminate/Queue/Worker.php(391): Illuminate\\Queue\\Worker->process(\'redis\', Object(Illuminate\\Queue\\Jobs\\RedisJob), Object(Illuminate\\Queue\\WorkerOptions))\n#4 /var/www/html/vendor/laravel/framework/src/Illuminate/Queue/Worker.php(177): Illuminate\\Queue\\Worker->runJob(Object(Illuminate\\Queue\\Jobs\\RedisJob), \'redis\', Object(Illuminate\\Queue\\WorkerOptions))\n#5 /var/www/html/vendor/laravel/framework/src/Illuminate/Queue/Console/WorkCommand.php(148): Illuminate\\Queue\\Worker->daemon(\'redis\', \'ai-hints\', Object(Illuminate\\Queue\\WorkerOptions))\n#6 /var/www/html/vendor/laravel/framework/src/Illuminate/Queue/Console/WorkCommand.php(131): Illuminate\\Queue\\Console\\WorkCommand->runWorker(\'redis\', \'ai-hints\')\n#7 /var/www/html/vendor/laravel/framework/src/Illuminate/Container/BoundMethod.php(36): Illuminate\\Queue\\Console\\WorkCommand->handle()\n#8 /var/www/html/vendor/laravel/framework/src/Illuminate/Container/Util.php(43): Illuminate\\Container\\BoundMethod::Illuminate\\Container\\{closure}()\n#9 /var/www/html/vendor/laravel/framework/src/Illuminate/Container/BoundMethod.php(96): Illuminate\\Container\\Util::unwrapIfClosure(Object(Closure))\n#10 /var/www/html/vendor/laravel/framework/src/Illuminate/Container/BoundMethod.php(35): Illuminate\\Container\\BoundMethod::callBoundMethod(Object(Illuminate\\Foundation\\Application), Array, Object(Closure))\n#11 /var/www/html/vendor/laravel/framework/src/Illuminate/Container/Container.php(754): Illuminate\\Container\\BoundMethod::call(Object(Illuminate\\Foundation\\Application), Array, Array, NULL)\n#12 /var/www/html/vendor/laravel/framework/src/Illuminate/Console/Command.php(211): Illuminate\\Container\\Container->call(Array)\n#13 /var/www/html/vendor/symfony/console/Command/Command.php(279): Illuminate\\Console\\Command->execute(Object(Symfony\\Component\\Console\\Input\\ArgvInput), Object(Illuminate\\Console\\OutputStyle))\n#14 /var/www/html/vendor/laravel/framework/src/Illuminate/Console/Command.php(180): Symfony\\Component\\Console\\Command\\Command->run(Object(Symfony\\Component\\Console\\Input\\ArgvInput), Object(Illuminate\\Console\\OutputStyle))\n#15 /var/www/html/vendor/symfony/console/Application.php(1094): Illuminate\\Console\\Command->run(Object(Symfony\\Component\\Console\\Input\\ArgvInput), Object(Symfony\\Component\\Console\\Output\\ConsoleOutput))\n#16 /var/www/html/vendor/symfony/console/Application.php(342): Symfony\\Component\\Console\\Application->doRunCommand(Object(Illuminate\\Queue\\Console\\WorkCommand), Object(Symfony\\Component\\Console\\Input\\ArgvInput), Object(Symfony\\Component\\Console\\Output\\ConsoleOutput))\n#17 /var/www/html/vendor/symfony/console/Application.php(193): Symfony\\Component\\Console\\Application->doRun(Object(Symfony\\Component\\Console\\Input\\ArgvInput), Object(Symfony\\Component\\Console\\Output\\ConsoleOutput))\n#18 /var/www/html/vendor/laravel/framework/src/Illuminate/Foundation/Console/Kernel.php(197): Symfony\\Component\\Console\\Application->run(Object(Symfony\\Component\\Console\\Input\\ArgvInput), Object(Symfony\\Component\\Console\\Output\\ConsoleOutput))\n#19 /var/www/html/vendor/laravel/framework/src/Illuminate/Foundation/Application.php(1234): Illuminate\\Foundation\\Console\\Kernel->handle(Object(Symfony\\Component\\Console\\Input\\ArgvInput), Object(Symfony\\Component\\Console\\Output\\ConsoleOutput))\n#20 /var/www/html/artisan(16): Illuminate\\Foundation\\Application->handleCommand(Object(Symfony\\Component\\Console\\Input\\ArgvInput))\n#21 {main}','2026-06-08 00:00:31');
/*!40000 ALTER TABLE `failed_jobs` ENABLE KEYS */;
UNLOCK TABLES;

--
-- Table structure for table `job_batches`
--

DROP TABLE IF EXISTS `job_batches`;
/*!40101 SET @saved_cs_client     = @@character_set_client */;
/*!50503 SET character_set_client = utf8mb4 */;
CREATE TABLE `job_batches` (
  `id` varchar(255) COLLATE utf8mb4_unicode_ci NOT NULL,
  `name` varchar(255) COLLATE utf8mb4_unicode_ci NOT NULL,
  `total_jobs` int NOT NULL,
  `pending_jobs` int NOT NULL,
  `failed_jobs` int NOT NULL,
  `failed_job_ids` longtext COLLATE utf8mb4_unicode_ci NOT NULL,
  `options` mediumtext COLLATE utf8mb4_unicode_ci,
  `cancelled_at` int DEFAULT NULL,
  `created_at` int NOT NULL,
  `finished_at` int DEFAULT NULL,
  PRIMARY KEY (`id`)
) ENGINE=InnoDB DEFAULT CHARSET=utf8mb4 COLLATE=utf8mb4_unicode_ci;
/*!40101 SET character_set_client = @saved_cs_client */;

--
-- Dumping data for table `job_batches`
--

LOCK TABLES `job_batches` WRITE;
/*!40000 ALTER TABLE `job_batches` DISABLE KEYS */;
/*!40000 ALTER TABLE `job_batches` ENABLE KEYS */;
UNLOCK TABLES;

--
-- Table structure for table `jobs`
--

DROP TABLE IF EXISTS `jobs`;
/*!40101 SET @saved_cs_client     = @@character_set_client */;
/*!50503 SET character_set_client = utf8mb4 */;
CREATE TABLE `jobs` (
  `id` bigint unsigned NOT NULL AUTO_INCREMENT,
  `queue` varchar(255) COLLATE utf8mb4_unicode_ci NOT NULL,
  `payload` longtext COLLATE utf8mb4_unicode_ci NOT NULL,
  `attempts` tinyint unsigned NOT NULL,
  `reserved_at` int unsigned DEFAULT NULL,
  `available_at` int unsigned NOT NULL,
  `created_at` int unsigned NOT NULL,
  PRIMARY KEY (`id`),
  KEY `jobs_queue_index` (`queue`)
) ENGINE=InnoDB DEFAULT CHARSET=utf8mb4 COLLATE=utf8mb4_unicode_ci;
/*!40101 SET character_set_client = @saved_cs_client */;

--
-- Dumping data for table `jobs`
--

LOCK TABLES `jobs` WRITE;
/*!40000 ALTER TABLE `jobs` DISABLE KEYS */;
/*!40000 ALTER TABLE `jobs` ENABLE KEYS */;
UNLOCK TABLES;

--
-- Table structure for table `lesson_block`
--

DROP TABLE IF EXISTS `lesson_block`;
/*!40101 SET @saved_cs_client     = @@character_set_client */;
/*!50503 SET character_set_client = utf8mb4 */;
CREATE TABLE `lesson_block` (
  `id` bigint unsigned NOT NULL AUTO_INCREMENT,
  `type` varchar(50) COLLATE utf8mb4_unicode_ci NOT NULL,
  `order` int NOT NULL DEFAULT '0',
  `params` json NOT NULL,
  `course_lesson_id` bigint unsigned NOT NULL,
  `created_at` timestamp NULL DEFAULT NULL,
  `updated_at` timestamp NULL DEFAULT NULL,
  PRIMARY KEY (`id`),
  KEY `lesson_block_course_lesson_id_foreign` (`course_lesson_id`),
  CONSTRAINT `lesson_block_course_lesson_id_foreign` FOREIGN KEY (`course_lesson_id`) REFERENCES `course_lesson` (`id`) ON DELETE CASCADE
) ENGINE=InnoDB AUTO_INCREMENT=104 DEFAULT CHARSET=utf8mb4 COLLATE=utf8mb4_unicode_ci;
/*!40101 SET character_set_client = @saved_cs_client */;

--
-- Dumping data for table `lesson_block`
--

LOCK TABLES `lesson_block` WRITE;
/*!40000 ALTER TABLE `lesson_block` DISABLE KEYS */;
INSERT INTO `lesson_block` VALUES (76,'text',1,'{\"content\": \"<h2>🎯 Цель урока</h2>\\n<p>Понять, что такое программа, алгоритм, язык программирования и зачем нужен Python.</p>\\n<hr>\\n<h2>📖 Теория</h2>\\n<p>Перед тем как писать код, важно понять главную идею.</p>\\n<p><strong>Компьютер не угадывает, что мы хотим сделать.</strong></p>\\n<p>Он выполняет только те команды, которые ему дали.</p>\\n<p>Программа — это набор команд, записанных в определённом порядке.</p>\\n<p>Например, в обычной жизни тоже есть алгоритмы. Чтобы приготовить чай, нужно выполнить действия по шагам:</p>\\n<ol>\\n<li>Вскипятить воду.</li>\\n<li>Положить чай в кружку.</li>\\n<li>Налить воду.</li>\\n<li>Подождать несколько минут.</li>\\n<li>Добавить сахар, если нужно.</li>\\n</ol>\\n<p>Если поменять порядок действий, результат может быть неправильным.<br>В программировании всё работает похожим образом.</p>\\n<blockquote>\\n<p>💡 <strong>Алгоритм</strong> — это точное описание действий, которые нужно выполнить для получения результата.</p>\\n</blockquote>\\n<hr>\\n<h2>🧠 Простая аналогия</h2>\\n<p>Представь, что компьютер — это очень быстрый, но очень буквальный исполнитель.</p>\\n<p>Он не понимает фразу:</p>\\n<blockquote>\\n<p>Сделай красиво.</p>\\n</blockquote>\\n<p>Но понимает точные команды:</p>\\n<pre><code class=\\\"language-text\\\">Выведи текст.\\nСложи два числа.\\nПроверь условие.\\nПовтори действие 10 раз.\\n</code></pre>\\n<hr>\\n<h2>🐍 Почему именно Python</h2>\\n<p>Python часто выбирают для первого знакомства с программированием, потому что его код легко читать.</p>\\n<p>Например:</p>\\n<pre><code class=\\\"language-python\\\">print(&quot;Привет!&quot;)\\n</code></pre>\\n<p>Даже без большого опыта можно догадаться, что эта команда выводит слово <strong>«Привет!»</strong>.</p>\\n<p>Python используют для:</p>\\n<ul>\\n<li>обучения программированию;</li>\\n<li>создания сайтов;</li>\\n<li>анализа данных;</li>\\n<li>автоматизации задач;</li>\\n<li>разработки ботов;</li>\\n<li>машинного обучения;</li>\\n<li>искусственного интеллекта.</li>\\n</ul>\\n<blockquote>\\n<p>✅ На этом курсе не нужно знать всё сразу.<br>Главная задача — научиться думать по шагам и записывать эти шаги в виде кода.</p>\\n</blockquote>\\n\", \"markdown\": \"## 🎯 Цель урока\\n\\nПонять, что такое программа, алгоритм, язык программирования и зачем нужен Python.\\n\\n---\\n\\n## 📖 Теория\\n\\nПеред тем как писать код, важно понять главную идею.\\n\\n**Компьютер не угадывает, что мы хотим сделать.**\\n\\nОн выполняет только те команды, которые ему дали.\\n\\nПрограмма — это набор команд, записанных в определённом порядке.\\n\\nНапример, в обычной жизни тоже есть алгоритмы. Чтобы приготовить чай, нужно выполнить действия по шагам:\\n\\n1. Вскипятить воду.\\n2. Положить чай в кружку.\\n3. Налить воду.\\n4. Подождать несколько минут.\\n5. Добавить сахар, если нужно.\\n\\nЕсли поменять порядок действий, результат может быть неправильным.  \\nВ программировании всё работает похожим образом.\\n\\n> 💡 **Алгоритм** — это точное описание действий, которые нужно выполнить для получения результата.\\n\\n---\\n\\n## 🧠 Простая аналогия\\n\\nПредставь, что компьютер — это очень быстрый, но очень буквальный исполнитель.\\n\\nОн не понимает фразу:\\n\\n> Сделай красиво.\\n\\nНо понимает точные команды:\\n\\n```text\\nВыведи текст.\\nСложи два числа.\\nПроверь условие.\\nПовтори действие 10 раз.\\n```\\n\\n---\\n\\n## 🐍 Почему именно Python\\n\\nPython часто выбирают для первого знакомства с программированием, потому что его код легко читать.\\n\\nНапример:\\n\\n```python\\nprint(\\\"Привет!\\\")\\n```\\n\\nДаже без большого опыта можно догадаться, что эта команда выводит слово **«Привет!»**.\\n\\nPython используют для:\\n\\n- обучения программированию;\\n- создания сайтов;\\n- анализа данных;\\n- автоматизации задач;\\n- разработки ботов;\\n- машинного обучения;\\n- искусственного интеллекта.\\n\\n> ✅ На этом курсе не нужно знать всё сразу.  \\n> Главная задача — научиться думать по шагам и записывать эти шаги в виде кода.\"}',25,'2026-06-02 02:43:07','2026-06-02 02:43:07'),(77,'executableCode',2,'{\"code\": \"print(\\\"Я начинаю изучать программирование!\\\")\\nprint(\\\"Python поможет мне писать первые программы.\\\")\", \"title\": \"Попробуй\", \"timeout\": 10000, \"language\": \"python\", \"description\": \"запустити код\"}',25,'2026-06-02 02:43:07','2026-06-02 02:43:07'),(78,'infoBox',3,'{\"icon\": true, \"type\": \"tip\", \"title\": \"\", \"content\": \"Не пытайся сразу запомнить все команды.  \\nСначала важно понять, что программа состоит из маленьких понятных шагов.\", \"expanded\": true, \"collapsible\": false}',25,'2026-06-02 02:43:07','2026-06-02 02:43:07'),(79,'quiz',4,'{\"title\": \"Вопросы для самопроверки\", \"questions\": [{\"id\": 1, \"type\": \"single\", \"options\": [{\"id\": 1, \"text\": \"Python\", \"correct\": true}, {\"id\": 2, \"text\": \"JavaScript\", \"correct\": false}, {\"id\": 3, \"text\": \"Java\", \"correct\": false}], \"question\": \"Какой язык программирования мы изучаем?\", \"explanation\": \"\"}, {\"id\": 1780365010423, \"type\": \"single\", \"options\": [{\"id\": 1, \"text\": \"Программа — это набор команд, записанных в определённом порядке\", \"correct\": true}, {\"id\": 2, \"text\": \"Программа — круто\", \"correct\": false}, {\"id\": 3, \"text\": \"ну не знаю я реально, что мне делать\", \"correct\": false}], \"question\": \"Что такое программа?\", \"explanation\": \"\"}], \"description\": \"Ответьте на вопросы ниже\"}',25,'2026-06-02 02:43:07','2026-06-02 02:43:07'),(80,'text',1,'{\"content\": \"<h2>🎯 Цель урока</h2>\\n<p>Научиться выводить текст и числа на экран с помощью функции <code>print()</code>.</p>\\n<hr>\\n<h2>📖 Блок теории</h2>\\n<p>Когда программа работает, мы часто хотим увидеть результат.<br>Самый простой результат — это текст на экране.</p>\\n<p>В Python для вывода используется функция <code>print()</code>.</p>\\n<pre><code class=\\\"language-python\\\">print(&quot;Привет, мир!&quot;)\\n</code></pre>\\n<p>Результат:</p>\\n<pre><code class=\\\"language-text\\\">Привет, мир!\\n</code></pre>\\n<hr>\\n<h2>🔎 Как это работает</h2>\\n<p>Разберём команду:</p>\\n<pre><code class=\\\"language-python\\\">print(&quot;Привет, мир!&quot;)\\n</code></pre>\\n<ul>\\n<li><code>print</code> — команда вывода;</li>\\n<li>круглые скобки <code>()</code> показывают, что мы вызываем функцию;</li>\\n<li>текст внутри кавычек выводится на экран.</li>\\n</ul>\\n<p>Текст нужно писать в кавычках:</p>\\n<pre><code class=\\\"language-python\\\">print(&quot;Python&quot;)\\nprint(&#39;Программирование&#39;)\\n</code></pre>\\n<p>Оба варианта правильные.</p>\\n<blockquote>\\n<p>⚠️ Важно: открывающая и закрывающая кавычки должны совпадать.</p>\\n</blockquote>\\n<p>Правильно:</p>\\n<pre><code class=\\\"language-python\\\">print(&quot;Привет&quot;)\\n</code></pre>\\n<p>Неправильно:</p>\\n<pre><code class=\\\"language-python\\\">print(&quot;Привет&#39;)\\n</code></pre>\\n<hr>\\n<h2>🧪 Несколько строк вывода</h2>\\n<p>Каждый вызов <code>print()</code> выводит данные с новой строки.</p>\\n<pre><code class=\\\"language-python\\\">print(&quot;Первая строка&quot;)\\nprint(&quot;Вторая строка&quot;)\\nprint(&quot;Третья строка&quot;)\\n</code></pre>\\n<p>Результат:</p>\\n<pre><code class=\\\"language-text\\\">Первая строка\\nВторая строка\\nТретья строка\\n</code></pre>\\n<hr>\\n<h2>➕ Вывод чисел и выражений</h2>\\n<p>Через <code>print()</code> можно выводить не только текст, но и числа.</p>\\n<pre><code class=\\\"language-python\\\">print(100)\\nprint(5 + 3)\\n</code></pre>\\n<p>Python сначала вычислит <code>5 + 3</code>, а потом выведет результат.</p>\\n<pre><code class=\\\"language-text\\\">100\\n8\\n</code></pre>\\n<hr>\\n<h2>🛠️ Частые ошибки</h2>\\n<table>\\n<thead>\\n<tr>\\n<th>Ошибка</th>\\n<th>Почему плохо</th>\\n</tr>\\n</thead>\\n<tbody><tr>\\n<td><code>print(&quot;Привет&quot;</code></td>\\n<td>не закрыта скобка</td>\\n</tr>\\n<tr>\\n<td><code>print(Привет)</code></td>\\n<td>текст написан без кавычек</td>\\n</tr>\\n<tr>\\n<td><code>Print(&quot;Привет&quot;)</code></td>\\n<td>Python различает большие и маленькие буквы</td>\\n</tr>\\n</tbody></table>\\n<blockquote>\\n<p>💡 Ошибки — нормальная часть обучения.<br>Программисты постоянно читают ошибки и исправляют код.</p>\\n</blockquote>\\n\", \"markdown\": \"## 🎯 Цель урока\\n\\nНаучиться выводить текст и числа на экран с помощью функции `print()`.\\n\\n---\\n\\n## 📖 Блок теории\\n\\nКогда программа работает, мы часто хотим увидеть результат.  \\nСамый простой результат — это текст на экране.\\n\\nВ Python для вывода используется функция `print()`.\\n\\n```python\\nprint(\\\"Привет, мир!\\\")\\n```\\n\\nРезультат:\\n\\n```text\\nПривет, мир!\\n```\\n\\n---\\n\\n## 🔎 Как это работает\\n\\nРазберём команду:\\n\\n```python\\nprint(\\\"Привет, мир!\\\")\\n```\\n\\n- `print` — команда вывода;\\n- круглые скобки `()` показывают, что мы вызываем функцию;\\n- текст внутри кавычек выводится на экран.\\n\\nТекст нужно писать в кавычках:\\n\\n```python\\nprint(\\\"Python\\\")\\nprint(\'Программирование\')\\n```\\n\\nОба варианта правильные.\\n\\n> ⚠️ Важно: открывающая и закрывающая кавычки должны совпадать.\\n\\nПравильно:\\n\\n```python\\nprint(\\\"Привет\\\")\\n```\\n\\nНеправильно:\\n\\n```python\\nprint(\\\"Привет\')\\n```\\n\\n---\\n\\n## 🧪 Несколько строк вывода\\n\\nКаждый вызов `print()` выводит данные с новой строки.\\n\\n```python\\nprint(\\\"Первая строка\\\")\\nprint(\\\"Вторая строка\\\")\\nprint(\\\"Третья строка\\\")\\n```\\n\\nРезультат:\\n\\n```text\\nПервая строка\\nВторая строка\\nТретья строка\\n```\\n\\n---\\n\\n## ➕ Вывод чисел и выражений\\n\\nЧерез `print()` можно выводить не только текст, но и числа.\\n\\n```python\\nprint(100)\\nprint(5 + 3)\\n```\\n\\nPython сначала вычислит `5 + 3`, а потом выведет результат.\\n\\n```text\\n100\\n8\\n```\\n\\n---\\n\\n## 🛠️ Частые ошибки\\n\\n| Ошибка | Почему плохо |\\n|---|---|\\n| `print(\\\"Привет\\\"` | не закрыта скобка |\\n| `print(Привет)` | текст написан без кавычек |\\n| `Print(\\\"Привет\\\")` | Python различает большие и маленькие буквы |\\n\\n> 💡 Ошибки — нормальная часть обучения.  \\n> Программисты постоянно читают ошибки и исправляют код.\"}',26,'2026-06-02 02:43:07','2026-06-02 02:43:07'),(81,'executableCode',2,'{\"code\": \"print(\\\"Привет!\\\")\\nprint(\\\"Меня зовут Python.\\\")\\nprint(2 + 2)\", \"title\": \"Запусти\", \"timeout\": 10000, \"language\": \"python\", \"description\": \"Попробуй, что-нибудь поменять\"}',26,'2026-06-02 02:43:07','2026-06-02 02:43:07'),(82,'quiz',3,'{\"title\": \"Самопроверка\", \"questions\": [{\"id\": 1, \"type\": \"single\", \"correct\": false, \"options\": [{\"id\": 1, \"text\": \"print()\", \"correct\": true}, {\"id\": 2, \"text\": \"std::cout <<\", \"correct\": false}, {\"id\": 3, \"text\": \"console.log\", \"correct\": false}, {\"id\": 4, \"text\": \"echo()\", \"correct\": false}], \"question\": \"Какая функция позволяет выводить на экран сообщения?\", \"explanation\": \"в языке Python функция ```print()``` используется для вывода сообщений\"}, {\"id\": 1780365567959, \"type\": \"single\", \"correct\": false, \"options\": [{\"id\": 1, \"text\": \"20\", \"correct\": true}, {\"id\": 2, \"text\": \"10\", \"correct\": false}, {\"id\": 3, \"text\": \"30\", \"correct\": false}], \"question\": \"print(10 + 10) что выведет данный код?\", \"explanation\": \"10 + 10 = 20\"}], \"description\": \"Ответьте на вопросы ниже\"}',26,'2026-06-02 02:43:07','2026-06-02 02:43:07'),(83,'text',1,'{\"content\": \"<h2>🎯 Цель урока</h2>\\n<p>Понять, что такое переменная, как сохранить значение и использовать его в программе.</p>\\n<hr>\\n<h2>📖 Блок теории</h2>\\n<p>В программах часто нужно хранить данные: имя пользователя, возраст, количество баллов, цену товара или результат вычисления.</p>\\n<blockquote>\\n<p>💡 <strong>Переменная</strong> — это имя, связанное со значением.</p>\\n</blockquote>\\n<p>Переменную можно представить как коробку с подписью. На коробке написано имя, а внутри лежит значение.</p>\\n<pre><code class=\\\"language-python\\\">name = &quot;Аня&quot;\\nage = 14\\nscore = 100\\n</code></pre>\\n<p>Знак <code>=</code> в Python означает <strong>присваивание</strong>. Python берёт значение справа и сохраняет его в переменную слева.</p>\\n<pre><code class=\\\"language-python\\\">city = &quot;Москва&quot;\\nprint(city)\\n</code></pre>\\n<p>Значение переменной можно изменить.</p>\\n<pre><code class=\\\"language-python\\\">score = 10\\nscore = 15\\nprint(score)\\n</code></pre>\\n<blockquote>\\n<p>⚠️ Переменная хранит только одно текущее значение. Если записать новое значение, старое заменится.</p>\\n</blockquote>\\n<p>Хорошее имя переменной помогает читать код. Лучше <code>user_age</code>, чем просто <code>x</code>.</p>\\n\", \"markdown\": \"## 🎯 Цель урока\\n\\nПонять, что такое переменная, как сохранить значение и использовать его в программе.\\n\\n---\\n\\n## 📖 Блок теории\\n\\nВ программах часто нужно хранить данные: имя пользователя, возраст, количество баллов, цену товара или результат вычисления.\\n\\n> 💡 **Переменная** — это имя, связанное со значением.\\n\\nПеременную можно представить как коробку с подписью. На коробке написано имя, а внутри лежит значение.\\n\\n```python\\nname = \\\"Аня\\\"\\nage = 14\\nscore = 100\\n```\\n\\nЗнак `=` в Python означает **присваивание**. Python берёт значение справа и сохраняет его в переменную слева.\\n\\n```python\\ncity = \\\"Москва\\\"\\nprint(city)\\n```\\n\\nЗначение переменной можно изменить.\\n\\n```python\\nscore = 10\\nscore = 15\\nprint(score)\\n```\\n\\n> ⚠️ Переменная хранит только одно текущее значение. Если записать новое значение, старое заменится.\\n\\nХорошее имя переменной помогает читать код. Лучше `user_age`, чем просто `x`.\"}',27,'2026-06-02 02:43:07','2026-06-02 02:43:07'),(84,'executableCode',2,'{\"code\": \"score = 10\\nprint(score)\\n\\nname = \\\"Имя\\\"\\nprint(name)\", \"title\": \"Попробуй\", \"timeout\": 10000, \"language\": \"python\", \"description\": \"Попробуй поменять значение переменной\"}',27,'2026-06-02 02:43:07','2026-06-02 02:43:07'),(85,'quiz',3,'{\"title\": \"Вопросы для самопроверки\", \"questions\": [{\"id\": 1, \"type\": \"single\", \"options\": [{\"id\": 1, \"text\": \"Переменная — это имя, связанное со значением\", \"correct\": true}, {\"id\": 2, \"text\": \"Переменная — это имя программы\", \"correct\": false}, {\"id\": 3, \"text\": \"Переменная — это имя цифры\", \"correct\": false}], \"question\": \"Что такое переменная?\", \"explanation\": \"\"}, {\"id\": 1780366477970, \"type\": \"single\", \"options\": [{\"id\": 1, \"text\": \":=\", \"correct\": false}, {\"id\": 2, \"text\": \"=\", \"correct\": true}, {\"id\": 3, \"text\": \"==\", \"correct\": false}, {\"id\": 4, \"text\": \"=>\", \"correct\": false}], \"question\": \"С помощью какого оператора объявляется переменная?\", \"explanation\": \"\"}], \"description\": \"Ответьте на вопросы ниже\"}',27,'2026-06-02 02:43:07','2026-06-02 02:43:07'),(86,'text',1,'{\"content\": \"<h2>🎯 Цель урока</h2>\\n<p>Научиться получать данные от пользователя с помощью input().</p>\\n<hr>\\n<h2>📖 Блок теории</h2>\\n<p>Программа становится полезнее, когда умеет работать с данными пользователя. Пользователь может ввести имя, возраст, два числа или строку текста.</p>\\n<p>Для чтения данных используется функция <code>input()</code>.</p>\\n<pre><code class=\\\"language-python\\\">name = input()\\nprint(&quot;Привет, &quot; + name)\\n</code></pre>\\n<p>Когда программа доходит до <code>input()</code>, она ждёт, пока пользователь введёт значение.</p>\\n<blockquote>\\n<p>⚠️ <code>input()</code> всегда возвращает строку.</p>\\n</blockquote>\\n<p>Даже если пользователь ввёл число <code>15</code>, Python сначала воспринимает его как текст <code>&quot;15&quot;</code>. Чтобы работать с числом, нужно преобразовать строку в <code>int</code>.</p>\\n<pre><code class=\\\"language-python\\\">age = int(input())\\nprint(age + 1)\\n</code></pre>\\n<p>Если числа вводятся каждое с новой строки:</p>\\n<pre><code class=\\\"language-python\\\">a = int(input())\\nb = int(input())\\nprint(a + b)\\n</code></pre>\\n<p>Если числа вводятся в одной строке через пробел:</p>\\n<pre><code class=\\\"language-python\\\">a, b = map(int, input().split())\\nprint(a + b)\\n</code></pre>\\n<blockquote>\\n<p>📌 В задачах всегда внимательно смотри, как именно вводятся данные.</p>\\n</blockquote>\\n\", \"markdown\": \"## 🎯 Цель урока\\n\\nНаучиться получать данные от пользователя с помощью input().\\n\\n---\\n\\n## 📖 Блок теории\\n\\nПрограмма становится полезнее, когда умеет работать с данными пользователя. Пользователь может ввести имя, возраст, два числа или строку текста.\\n\\nДля чтения данных используется функция `input()`.\\n\\n```python\\nname = input()\\nprint(\\\"Привет, \\\" + name)\\n```\\n\\nКогда программа доходит до `input()`, она ждёт, пока пользователь введёт значение.\\n\\n> ⚠️ `input()` всегда возвращает строку.\\n\\nДаже если пользователь ввёл число `15`, Python сначала воспринимает его как текст `\\\"15\\\"`. Чтобы работать с числом, нужно преобразовать строку в `int`.\\n\\n```python\\nage = int(input())\\nprint(age + 1)\\n```\\n\\nЕсли числа вводятся каждое с новой строки:\\n\\n```python\\na = int(input())\\nb = int(input())\\nprint(a + b)\\n```\\n\\nЕсли числа вводятся в одной строке через пробел:\\n\\n```python\\na, b = map(int, input().split())\\nprint(a + b)\\n```\\n\\n> 📌 В задачах всегда внимательно смотри, как именно вводятся данные.\"}',28,'2026-06-02 02:43:07','2026-06-02 02:43:07'),(87,'infoBox',2,'{\"icon\": true, \"type\": \"info\", \"title\": \"\", \"content\": \"Здесь будет важная информация\", \"expanded\": true, \"collapsible\": false}',28,'2026-06-02 02:43:07','2026-06-02 02:43:07'),(88,'taskList',3,'{\"tasks\": [{\"id\": 7, \"url\": \"http://217.114.7.33/task/solution/7\", \"title\": \"A + B\", \"rating\": 800}], \"title\": \"Задачи для практики\", \"description\": \"\"}',28,'2026-06-02 02:43:07','2026-06-02 02:43:07'),(89,'quiz',4,'{\"title\": \"Самопроверка\", \"questions\": [{\"id\": 1, \"type\": \"single\", \"options\": [{\"id\": 1, \"text\": \"std::cin >>\", \"correct\": false}, {\"id\": 2, \"text\": \"input()\", \"correct\": true}, {\"id\": 3, \"text\": \"console.allert\", \"correct\": false}, {\"id\": 4, \"text\": \"Console.ReadLine()\", \"correct\": false}], \"question\": \"С помощью какой функции можно получить ввод пользователя??\", \"explanation\": \"\"}], \"description\": \"Ответьте на вопросы ниже\"}',28,'2026-06-02 02:43:07','2026-06-02 02:43:07'),(90,'text',1,'{\"content\": \"<h2>🎯 Цель урока</h2>\\n<p>Научиться выполнять вычисления в Python.</p>\\n<hr>\\n<h2>📖 Блок теории</h2>\\n<p>Python умеет выполнять математические операции. Его можно использовать как калькулятор, но в программах вычисления нужны для решения задач.</p>\\n<table>\\n<thead>\\n<tr>\\n<th>Операция</th>\\n<th>Символ</th>\\n<th>Пример</th>\\n<th>Результат</th>\\n</tr>\\n</thead>\\n<tbody><tr>\\n<td>Сложение</td>\\n<td><code>+</code></td>\\n<td><code>5 + 3</code></td>\\n<td><code>8</code></td>\\n</tr>\\n<tr>\\n<td>Вычитание</td>\\n<td><code>-</code></td>\\n<td><code>10 - 4</code></td>\\n<td><code>6</code></td>\\n</tr>\\n<tr>\\n<td>Умножение</td>\\n<td><code>*</code></td>\\n<td><code>6 * 7</code></td>\\n<td><code>42</code></td>\\n</tr>\\n<tr>\\n<td>Деление</td>\\n<td><code>/</code></td>\\n<td><code>10 / 2</code></td>\\n<td><code>5.0</code></td>\\n</tr>\\n<tr>\\n<td>Целое деление</td>\\n<td><code>//</code></td>\\n<td><code>10 // 3</code></td>\\n<td><code>3</code></td>\\n</tr>\\n<tr>\\n<td>Остаток</td>\\n<td><code>%</code></td>\\n<td><code>10 % 3</code></td>\\n<td><code>1</code></td>\\n</tr>\\n<tr>\\n<td>Степень</td>\\n<td><code>**</code></td>\\n<td><code>2 ** 3</code></td>\\n<td><code>8</code></td>\\n</tr>\\n</tbody></table>\\n<p>Оператор <code>%</code> показывает остаток от деления. Его часто используют для проверки четности.</p>\\n<pre><code class=\\\"language-python\\\">n = int(input())\\n\\nif n % 2 == 0:\\n    print(&quot;Четное&quot;)\\nelse:\\n    print(&quot;Нечетное&quot;)\\n</code></pre>\\n<blockquote>\\n<p>💡 Чтобы получить последнюю цифру числа, можно использовать <code>n % 10</code>.</p>\\n</blockquote>\\n\", \"markdown\": \"## 🎯 Цель урока\\n\\nНаучиться выполнять вычисления в Python.\\n\\n---\\n\\n## 📖 Блок теории\\n\\nPython умеет выполнять математические операции. Его можно использовать как калькулятор, но в программах вычисления нужны для решения задач.\\n\\n| Операция | Символ | Пример | Результат |\\n|---|---|---|---|\\n| Сложение | `+` | `5 + 3` | `8` |\\n| Вычитание | `-` | `10 - 4` | `6` |\\n| Умножение | `*` | `6 * 7` | `42` |\\n| Деление | `/` | `10 / 2` | `5.0` |\\n| Целое деление | `//` | `10 // 3` | `3` |\\n| Остаток | `%` | `10 % 3` | `1` |\\n| Степень | `**` | `2 ** 3` | `8` |\\n\\nОператор `%` показывает остаток от деления. Его часто используют для проверки четности.\\n\\n```python\\nn = int(input())\\n\\nif n % 2 == 0:\\n    print(\\\"Четное\\\")\\nelse:\\n    print(\\\"Нечетное\\\")\\n```\\n\\n> 💡 Чтобы получить последнюю цифру числа, можно использовать `n % 10`.\"}',29,'2026-06-02 02:43:07','2026-06-02 02:43:07'),(91,'executableCode',2,'{\"code\": \"a = 10\\nb = 3\\n\\nprint(\\\"Сложение:\\\", a + b)\\nprint(\\\"Вычитание:\\\", a - b)\\nprint(\\\"Умножение:\\\", a * b)\\nprint(\\\"Деление:\\\", a / b)\\nprint(\\\"Целое деление:\\\", a // b)\\nprint(\\\"Остаток:\\\", a % b)\\nprint(\\\"Степень:\\\", a ** b)\", \"title\": \"Попробуй\", \"timeout\": 10000, \"language\": \"python\", \"description\": \"Запусти код\"}',29,'2026-06-02 02:43:07','2026-06-02 02:43:07'),(92,'quiz',3,'{\"title\": \"Самопроверка\", \"questions\": [{\"id\": 1, \"type\": \"single\", \"options\": [{\"id\": 1, \"text\": \"Выведет бесконечность\", \"correct\": false}, {\"id\": 2, \"text\": \"Выдаст ошибку (а точнее исключение ZeroDivisionError: division by zero)\", \"correct\": true}, {\"id\": 3, \"text\": \"Ничего не выведет\", \"correct\": false}], \"question\": \"Что будет если в python поделить число на ноль?\", \"explanation\": \"Проверь в блоке с кодом (сверху) поменяв значение переменной b на 0.\"}, {\"id\": 1780367285824, \"type\": \"single\", \"options\": [{\"id\": 1, \"text\": \"1\", \"correct\": true}, {\"id\": 2, \"text\": \"0.0\", \"correct\": false}, {\"id\": 3, \"text\": \"2\", \"correct\": false}, {\"id\": 4, \"text\": \"1,6666667\", \"correct\": false}], \"question\": \"Что выдаст операция 5 // 3?\", \"explanation\": \"Проверь в блоке с кодом (сверху)\"}, {\"id\": 1780367332960, \"type\": \"single\", \"options\": [{\"id\": 1, \"text\": \"1\", \"correct\": false}, {\"id\": 2, \"text\": \"0.0\", \"correct\": false}, {\"id\": 3, \"text\": \"2\", \"correct\": false}, {\"id\": 4, \"text\": \"1,6666667\", \"correct\": true}], \"question\": \"Что выдаст операция 5 / 3?\", \"explanation\": \"Проверь в блоке с кодом (сверху)\"}, {\"id\": 1780367378847, \"type\": \"single\", \"options\": [{\"id\": 1, \"text\": \"3\", \"correct\": true}, {\"id\": 2, \"text\": \"1\", \"correct\": false}, {\"id\": 3, \"text\": \"0.0\", \"correct\": false}, {\"id\": 4, \"text\": \"13\", \"correct\": false}], \"question\": \"Что выдаст 13 % 10?\", \"explanation\": \"Проверь в блоке с кодом (сверху)\"}], \"description\": \"Ответь на вопросы снизу\"}',29,'2026-06-02 02:43:07','2026-06-02 02:43:07'),(93,'taskList',4,'{\"tasks\": [{\"id\": 13, \"url\": \"http://217.114.7.33/task/solution/13\", \"title\": \"Последняя цифра числа\", \"rating\": 800}], \"title\": \"Задачи для практики\", \"description\": \"\"}',29,'2026-06-02 02:43:07','2026-06-02 02:43:07'),(94,'text',1,'{\"content\": \"<h2>🎯 Цель урока</h2>\\n<p>Научиться выполнять разные действия в зависимости от условия.</p>\\n<hr>\\n<h2>📖 Блок текста</h2>\\n<p>Программы часто должны принимать решения. Например, если число положительное, вывести одно сообщение, а если отрицательное — другое.</p>\\n<p>Для этого используется <code>if</code>.</p>\\n<pre><code class=\\\"language-python\\\">age = int(input())\\n\\nif age &gt;= 18:\\n    print(&quot;Доступ разрешен&quot;)\\n</code></pre>\\n<p>Если нужно выполнить другой код при ложном условии, используется <code>else</code>.</p>\\n<pre><code class=\\\"language-python\\\">if age &gt;= 18:\\n    print(&quot;Доступ разрешен&quot;)\\nelse:\\n    print(&quot;Доступ запрещен&quot;)\\n</code></pre>\\n<p>Если вариантов больше двух, используется <code>elif</code>.</p>\\n<pre><code class=\\\"language-python\\\">score = int(input())\\n\\nif score &gt;= 90:\\n    print(&quot;Отлично&quot;)\\nelif score &gt;= 70:\\n    print(&quot;Хорошо&quot;)\\nelse:\\n    print(&quot;Нужно повторить тему&quot;)\\n</code></pre>\\n<table>\\n<thead>\\n<tr>\\n<th>Оператор</th>\\n<th>Значение</th>\\n</tr>\\n</thead>\\n<tbody><tr>\\n<td><code>==</code></td>\\n<td>равно</td>\\n</tr>\\n<tr>\\n<td><code>!=</code></td>\\n<td>не равно</td>\\n</tr>\\n<tr>\\n<td><code>&gt;</code></td>\\n<td>больше</td>\\n</tr>\\n<tr>\\n<td><code>&lt;</code></td>\\n<td>меньше</td>\\n</tr>\\n<tr>\\n<td><code>&gt;=</code></td>\\n<td>больше или равно</td>\\n</tr>\\n<tr>\\n<td><code>&lt;=</code></td>\\n<td>меньше или равно</td>\\n</tr>\\n</tbody></table>\\n<blockquote>\\n<p>⚠️ Не путай <code>=</code> и <code>==</code>. <code>=</code> присваивает значение, а <code>==</code> сравнивает.</p>\\n</blockquote>\\n\", \"markdown\": \"## 🎯 Цель урока\\n\\nНаучиться выполнять разные действия в зависимости от условия.\\n\\n---\\n\\n## 📖 Блок текста\\n\\nПрограммы часто должны принимать решения. Например, если число положительное, вывести одно сообщение, а если отрицательное — другое.\\n\\nДля этого используется `if`.\\n\\n```python\\nage = int(input())\\n\\nif age >= 18:\\n    print(\\\"Доступ разрешен\\\")\\n```\\n\\nЕсли нужно выполнить другой код при ложном условии, используется `else`.\\n\\n```python\\nif age >= 18:\\n    print(\\\"Доступ разрешен\\\")\\nelse:\\n    print(\\\"Доступ запрещен\\\")\\n```\\n\\nЕсли вариантов больше двух, используется `elif`.\\n\\n```python\\nscore = int(input())\\n\\nif score >= 90:\\n    print(\\\"Отлично\\\")\\nelif score >= 70:\\n    print(\\\"Хорошо\\\")\\nelse:\\n    print(\\\"Нужно повторить тему\\\")\\n```\\n\\n| Оператор | Значение |\\n|---|---|\\n| `==` | равно |\\n| `!=` | не равно |\\n| `>` | больше |\\n| `<` | меньше |\\n| `>=` | больше или равно |\\n| `<=` | меньше или равно |\\n\\n> ⚠️ Не путай `=` и `==`. `=` присваивает значение, а `==` сравнивает.\"}',30,'2026-06-02 02:43:07','2026-06-02 02:43:07'),(95,'executableCode',2,'{\"code\": \"n = 15\\n\\nif n > 0:\\n    print(\\\"Положительное\\\")\\nelif n < 0:\\n    print(\\\"Отрицательное\\\")\\nelse:\\n    print(\\\"Ноль\\\")\", \"title\": \"Попробуй\", \"timeout\": 10000, \"language\": \"python\", \"description\": \"Поменяй значение n и посмотри на результат\"}',30,'2026-06-02 02:43:07','2026-06-02 02:43:07'),(96,'infoBox',3,'{\"icon\": true, \"type\": \"info\", \"title\": \"\", \"content\": \"В программировании if используется постоянно, важно понять этот оператор и его смысл\", \"expanded\": true, \"collapsible\": false}',30,'2026-06-02 02:43:07','2026-06-02 02:43:07'),(97,'taskList',4,'{\"tasks\": [{\"id\": 9, \"url\": \"http://217.114.7.33/task/solution/9\", \"title\": \"Большее из двух чисел\", \"rating\": 800}, {\"id\": 8, \"url\": \"http://217.114.7.33/task/solution/8\", \"title\": \"Четное число\", \"rating\": 800}], \"title\": \"Задачи для практики\", \"description\": \"\"}',30,'2026-06-02 02:43:07','2026-06-02 02:43:07'),(98,'text',1,'{\"content\": \"<h2>🎯 Цель урока</h2>\\n<p>Научиться повторять действия, пока условие истинно.</p>\\n<hr>\\n<h2>📖 Блок теории</h2>\\n<p>Иногда программе нужно повторить действие несколько раз: вывести числа, посчитать сумму или обработать данные.</p>\\n<p>Для повторения действий используются циклы. Цикл <code>while</code> выполняется, пока условие истинно.</p>\\n<pre><code class=\\\"language-python\\\">i = 1\\n\\nwhile i &lt;= 5:\\n    print(i)\\n    i = i + 1\\n</code></pre>\\n<p>Результат:</p>\\n<pre><code class=\\\"language-text\\\">1\\n2\\n3\\n4\\n5\\n</code></pre>\\n<p>Как работает цикл:</p>\\n<ol>\\n<li>Создаётся переменная <code>i = 1</code>.</li>\\n<li>Python проверяет условие <code>i &lt;= 5</code>.</li>\\n<li>Если условие истинно, выполняется тело цикла.</li>\\n<li><code>i</code> увеличивается.</li>\\n<li>Проверка повторяется.</li>\\n</ol>\\n<blockquote>\\n<p>⚠️ Если забыть изменить переменную, цикл может стать бесконечным.</p>\\n</blockquote>\\n\", \"markdown\": \"## 🎯 Цель урока\\n\\nНаучиться повторять действия, пока условие истинно.\\n\\n---\\n\\n## 📖 Блок теории\\n\\nИногда программе нужно повторить действие несколько раз: вывести числа, посчитать сумму или обработать данные.\\n\\nДля повторения действий используются циклы. Цикл `while` выполняется, пока условие истинно.\\n\\n```python\\ni = 1\\n\\nwhile i <= 5:\\n    print(i)\\n    i = i + 1\\n```\\n\\nРезультат:\\n\\n```text\\n1\\n2\\n3\\n4\\n5\\n```\\n\\nКак работает цикл:\\n\\n1. Создаётся переменная `i = 1`.\\n2. Python проверяет условие `i <= 5`.\\n3. Если условие истинно, выполняется тело цикла.\\n4. `i` увеличивается.\\n5. Проверка повторяется.\\n\\n> ⚠️ Если забыть изменить переменную, цикл может стать бесконечным.\"}',31,'2026-06-02 02:43:07','2026-06-02 02:43:07'),(99,'executableCode',2,'{\"code\": \"i = 0\\nwhile i <= 5:\\n    i += 1 # Важно: не забудь сделать инкремент в цикле, иначе он может стать бесконечным\\n    print(i)\", \"title\": \"Попробуй\", \"timeout\": 10000, \"language\": \"python\", \"description\": \"Запусти код\"}',31,'2026-06-02 02:43:07','2026-06-02 02:43:07'),(100,'text',1,'{\"content\": \"<h2>🎯 Цель урока</h2>\\n<p>Научиться использовать цикл for для повторения действий заданное количество раз.</p>\\n<hr>\\n<h2>📖 Блок теории</h2>\\n<p>Цикл <code>for</code> удобно использовать, когда заранее известно, сколько раз нужно повторить действие.</p>\\n<pre><code class=\\\"language-python\\\">for i in range(5):\\n    print(i)\\n</code></pre>\\n<p>Результат:</p>\\n<pre><code class=\\\"language-text\\\">0\\n1\\n2\\n3\\n4\\n</code></pre>\\n<p><code>range(5)</code> создаёт числа от <code>0</code> до <code>4</code>.</p>\\n<blockquote>\\n<p>⚠️ Правая граница в <code>range()</code> не входит в последовательность.</p>\\n</blockquote>\\n<p>Варианты:</p>\\n<pre><code class=\\\"language-python\\\">range(5)        # 0 1 2 3 4\\nrange(1, 6)     # 1 2 3 4 5\\nrange(0, 11, 2) # 0 2 4 6 8 10\\n</code></pre>\\n<p>Цикл <code>for</code> часто используют для суммирования и таблиц умножения.</p>\\n\", \"markdown\": \"## 🎯 Цель урока\\n\\nНаучиться использовать цикл for для повторения действий заданное количество раз.\\n\\n---\\n\\n## 📖 Блок теории\\n\\nЦикл `for` удобно использовать, когда заранее известно, сколько раз нужно повторить действие.\\n\\n```python\\nfor i in range(5):\\n    print(i)\\n```\\n\\nРезультат:\\n\\n```text\\n0\\n1\\n2\\n3\\n4\\n```\\n\\n`range(5)` создаёт числа от `0` до `4`.\\n\\n> ⚠️ Правая граница в `range()` не входит в последовательность.\\n\\nВарианты:\\n\\n```python\\nrange(5)        # 0 1 2 3 4\\nrange(1, 6)     # 1 2 3 4 5\\nrange(0, 11, 2) # 0 2 4 6 8 10\\n```\\n\\nЦикл `for` часто используют для суммирования и таблиц умножения.\"}',32,'2026-06-02 02:43:07','2026-06-02 02:43:07'),(101,'executableCode',2,'{\"code\": \"count = 10\\n\\nfor i in range(count):\\n    print(i)\", \"title\": \"Попробуй\", \"timeout\": 10000, \"language\": \"python\", \"description\": \"Запусти код\"}',32,'2026-06-02 02:43:07','2026-06-02 02:43:07'),(102,'video',3,'{\"url\": \"https://www.youtube.com/watch?v=vMD6-jzgDvI&list=PLDyJYA6aTY1lPWXBPk0gw6gR8fEtPDGKa&index=6\", \"loop\": false, \"title\": \"\", \"width\": \"100%\", \"autoplay\": false, \"controls\": true, \"platform\": \"youtube\", \"sourceType\": \"link\", \"aspectRatio\": \"16:9\"}',32,'2026-06-02 02:43:07','2026-06-02 02:43:07'),(103,'taskList',4,'{\"tasks\": [{\"id\": 12, \"url\": \"http://217.114.7.33/task/solution/12\", \"title\": \"Сумма чисел от 1 до N\", \"rating\": 800}], \"title\": \"Задачи для практики\", \"description\": \"\"}',32,'2026-06-02 02:43:07','2026-06-02 02:43:07');
/*!40000 ALTER TABLE `lesson_block` ENABLE KEYS */;
UNLOCK TABLES;

--
-- Table structure for table `migrations`
--

DROP TABLE IF EXISTS `migrations`;
/*!40101 SET @saved_cs_client     = @@character_set_client */;
/*!50503 SET character_set_client = utf8mb4 */;
CREATE TABLE `migrations` (
  `id` int unsigned NOT NULL AUTO_INCREMENT,
  `migration` varchar(255) COLLATE utf8mb4_unicode_ci NOT NULL,
  `batch` int NOT NULL,
  PRIMARY KEY (`id`)
) ENGINE=InnoDB AUTO_INCREMENT=41 DEFAULT CHARSET=utf8mb4 COLLATE=utf8mb4_unicode_ci;
/*!40101 SET character_set_client = @saved_cs_client */;

--
-- Dumping data for table `migrations`
--

LOCK TABLES `migrations` WRITE;
/*!40000 ALTER TABLE `migrations` DISABLE KEYS */;
INSERT INTO `migrations` VALUES (1,'0001_01_01_000000_create_users_table',1),(2,'0001_01_01_000001_create_cache_table',1),(3,'0001_01_01_000002_create_jobs_table',1),(4,'2025_06_17_132633_create_table_notification',1),(5,'2025_06_17_134919_create_table_task',1),(6,'2025_06_17_135950_create_table_attempt_solution',1),(7,'2025_06_17_143701_create_table_task_test',1),(8,'2025_06_22_160951_add_column_user_table_count_task',1),(9,'2025_06_22_170538_add_column_task_example',1),(10,'2025_06_22_205550_add_timestamp_test_task',1),(11,'2025_06_22_211156_add_description_attempt_task',1),(12,'2025_06_22_213922_add_status_visible_notification',1),(13,'2025_06_22_225126_create_personal_access_tokens_table',1),(14,'2025_06_22_231731_add_column_user_admin',1),(15,'2026_01_25_192018_create_table_course',1),(16,'2026_01_25_192556_create_table_course_lesson',1),(17,'2026_01_25_192934_create_table_lesson_block',1),(18,'2026_01_25_193153_create_table_course_participant',1),(19,'2026_01_25_193407_create_table_comleted_lesson',1),(20,'2026_05_20_190741_create_table_environment',1),(21,'2026_05_20_191632_add_runner_checker_envbironment_task',1),(22,'2026_05_20_200925_create_table_task_file',1),(23,'2026_05_23_000001_add_reference_solution_to_task_table',1),(24,'2026_05_23_000002_create_task_category_tables',1),(25,'2026_05_23_000003_create_task_comment_table',1),(26,'2026_05_23_000004_add_code_to_attempt_solution_table',1),(27,'2026_05_26_000001_add_editor_config_to_environment_and_task',1),(28,'2026_05_27_000001_add_status_to_course_table',1),(29,'2026_05_27_000002_change_lesson_block_type_to_string',1),(30,'2026_05_27_000003_add_unique_completed_lesson',1),(31,'2026_05_27_000004_add_creator_id_to_course_table',1),(32,'2026_05_27_000005_add_is_blocked_to_users_table',1),(33,'2026_05_27_000006_create_course_category_table',1),(34,'2026_06_04_000001_create_ai_prompt_templates_table',2),(35,'2026_06_04_000002_add_prompt_template_id_to_attempt_solution_table',2),(36,'2026_06_07_000001_add_contests_and_visibility',2),(37,'2026_06_07_000002_expand_contests',2),(38,'2026_06_07_000003_change_attempt_memory_to_decimal',3),(39,'2026_06_07_000004_create_user_category_masteries_table',4),(40,'2026_06_07_000005_add_knowledge_traced_at_to_attempt_solution_table',4);
/*!40000 ALTER TABLE `migrations` ENABLE KEYS */;
UNLOCK TABLES;

--
-- Table structure for table `notification`
--

DROP TABLE IF EXISTS `notification`;
/*!40101 SET @saved_cs_client     = @@character_set_client */;
/*!50503 SET character_set_client = utf8mb4 */;
CREATE TABLE `notification` (
  `id` bigint unsigned NOT NULL AUTO_INCREMENT,
  `created_at` timestamp NULL DEFAULT NULL,
  `updated_at` timestamp NULL DEFAULT NULL,
  `content` mediumtext COLLATE utf8mb4_unicode_ci NOT NULL,
  `type` enum('task_error','task_success') COLLATE utf8mb4_unicode_ci NOT NULL,
  `receiver_id` bigint unsigned NOT NULL,
  `visible` tinyint(1) NOT NULL DEFAULT '1',
  PRIMARY KEY (`id`),
  KEY `notification_receiver_id_foreign` (`receiver_id`),
  CONSTRAINT `notification_receiver_id_foreign` FOREIGN KEY (`receiver_id`) REFERENCES `users` (`id`) ON DELETE CASCADE
) ENGINE=InnoDB AUTO_INCREMENT=150 DEFAULT CHARSET=utf8mb4 COLLATE=utf8mb4_unicode_ci;
/*!40101 SET character_set_client = @saved_cs_client */;

--
-- Dumping data for table `notification`
--

LOCK TABLES `notification` WRITE;
/*!40000 ALTER TABLE `notification` DISABLE KEYS */;
INSERT INTO `notification` VALUES (1,'2026-06-01 17:00:09','2026-06-01 17:00:09','<p><a href=\"/task/solution/7\">Перейти к задаче</a> - Неправильный ответ на тесте 1</p>\n','task_error',1,0),(2,'2026-06-01 17:00:46','2026-06-01 17:00:46','<p><a href=\"/task/solution/7\">A + B</a> - Задача выполнена</p>\n','task_success',1,0),(3,'2026-06-01 17:10:21','2026-06-01 17:10:22','<p><a href=\"/task/solution/7\">A + B</a> - Задача выполнена</p>\n','task_success',2,0),(4,'2026-06-01 17:18:52','2026-06-01 17:18:52','<p><a href=\"/task/solution/8\">Перейти к задаче</a> - Traceback (most recent call last):\nFile &quot;/var/www/html/storage/app/private/judge/runs/04bd887b-e62b-48da-8bc1-0972b43a3d67/solution.py&quot;, line 3, in <module>\nif n % 2 == 0:\n^\nNameError: name \'n\' is not definedCommand exited with non-zero status 1</p>\n','task_error',1,0),(5,'2026-06-01 17:20:16','2026-06-01 17:20:16','<p><a href=\"/task/solution/8\">Перейти к задаче</a> - Неправильный ответ на тесте 2</p>\n','task_error',1,0),(6,'2026-06-01 17:20:49','2026-06-01 17:20:49','<p><a href=\"/task/solution/8\">Четное число</a> - Задача выполнена</p>\n','task_success',1,0),(7,'2026-06-01 17:21:17','2026-06-01 17:21:17','<p><a href=\"/task/solution/7\">A + B</a> - Задача выполнена</p>\n','task_success',1,0),(8,'2026-06-01 17:23:42','2026-06-01 17:23:42','<p><a href=\"/task/solution/8\">Перейти к задаче</a> - Неправильный ответ на тесте 1</p>\n','task_error',2,0),(9,'2026-06-01 17:25:08','2026-06-01 17:25:08','<p><a href=\"/task/solution/7\">Перейти к задаче</a> - Неправильный ответ на тесте 1</p>\n','task_error',3,0),(10,'2026-06-01 17:25:26','2026-06-01 17:25:26','<p><a href=\"/task/solution/7\">A + B</a> - Задача выполнена</p>\n','task_success',3,0),(11,'2026-06-01 17:26:04','2026-06-01 17:26:04','<p><a href=\"/task/solution/7\">Перейти к задаче</a> - Неправильный ответ на тесте 1</p>\n','task_error',4,0),(12,'2026-06-01 17:26:10','2026-06-01 17:26:10','<p><a href=\"/task/solution/7\">Перейти к задаче</a> - Неправильный ответ на тесте 1</p>\n','task_error',4,0),(13,'2026-06-01 17:26:40','2026-06-01 17:26:40','<p><a href=\"/task/solution/8\">Перейти к задаче</a> - Неправильный ответ на тесте 1</p>\n','task_error',2,0),(14,'2026-06-01 17:27:29','2026-06-01 17:27:29','<p><a href=\"/task/solution/8\">Перейти к задаче</a> - File &quot;/var/www/html/storage/app/private/judge/runs/519df96c-e5b3-4976-972c-4b3bb3df7df7/solution.py&quot;, line 1\nсосал?\n^\nSyntaxError: invalid syntaxCommand exited with non-zero status 1</p>\n','task_error',2,0),(15,'2026-06-01 17:27:38','2026-06-01 17:27:38','<p><a href=\"/task/solution/7\">Перейти к задаче</a> - Превышено время выполнения на тесте 1</p>\n','task_error',3,0),(16,'2026-06-01 17:27:55','2026-06-01 17:27:55','<p><a href=\"/task/solution/7\">Перейти к задаче</a> - Превышено время выполнения на тесте 1</p>\n','task_error',3,0),(17,'2026-06-01 17:28:06','2026-06-01 17:28:06','<p><a href=\"/task/solution/7\">Перейти к задаче</a> - Превышено время выполнения на тесте 1</p>\n','task_error',3,0),(18,'2026-06-01 17:28:18','2026-06-01 17:28:19','<p><a href=\"/task/solution/7\">Перейти к задаче</a> - Превышено время выполнения на тесте 1</p>\n','task_error',3,0),(19,'2026-06-01 17:31:40','2026-06-01 17:43:34','SQLSTATE[23000]: Integrity constraint violation: 1062 Duplicate entry \'bdbf6754-40dc-4fe7-a04c-8361ca2e23b7\' for key \'failed_jobs.failed_jobs_uuid_unique\' (Connection: mysql, SQL: insert into `failed_jobs` (`uuid`, `connection`, `queue`, `payload`, `exception`, `failed_at`) values (bdbf6754-40dc-4fe7-a04c-8361ca2e23b7, redis, solution-checks, {\"uuid\":\"bdbf6754-40dc-4fe7-a04c-8361ca2e23b7\",\"displayName\":\"App\\\\Jobs\\\\CheckSolution\",\"job\":\"Illuminate\\\\Queue\\\\CallQueuedHandler@call\",\"maxTries\":null,\"maxExceptions\":null,\"failOnTimeout\":false,\"backoff\":null,\"timeout\":null,\"retryUntil\":null,\"data\":{\"commandName\":\"App\\\\Jobs\\\\CheckSolution\",\"command\":\"O:22:\\\"App\\\\Jobs\\\\CheckSolution\\\":4:{s:4:\\\"code\\\";s:69:\\\"a = int(input())\\nb = int(input())\\n\\nwhile True:\\n    print(\\\"X\\\" * 10000)\\\";s:6:\\\"taskId\\\";i:7;s:6:\\\"userId\\\";i:3;s:5:\\\"queue\\\";s:15:\\\"solution-checks\\\";}\"},\"createdAt\":1780334980,\"id\":\"bdbf6754-40dc-4fe7-a04c-8361ca2e23b7\",\"attempts\":0,\"delay\":null,\"type\":\"job\",\"tags\":[],\"silenced\":false,\"pushedAt\":\"1780334980.3617\"}, Illuminate\\Queue\\TimeoutExceededException: App\\Jobs\\CheckSolution has timed out. in /var/www/html/vendor/laravel/framework/src/Illuminate/Queue/TimeoutExceededException.php:15\nStack trace:\n#0 /var/www/html/vendor/laravel/framework/src/Illuminate/Queue/Worker.php(804): Illuminate\\Queue\\TimeoutExceededException::forJob(Object(Illuminate\\Queue\\Jobs\\RedisJob))\n#1 /var/www/html/vendor/laravel/framework/src/Illuminate/Queue/Worker.php(218): Illuminate\\Queue\\Worker->timeoutExceededException(Object(Illuminate\\Queue\\Jobs\\RedisJob))\n#2 /var/www/html/vendor/symfony/process/Pipes/AbstractPipes.php(172): Illuminate\\Queue\\Worker->Illuminate\\Queue\\{closure}(14, Array)\n#3 [internal function]: Symfony\\Component\\Process\\Pipes\\AbstractPipes->handleError(2, \'stream_select()...\', \'/var/www/html/v...\', 100)\n#4 /var/www/html/vendor/symfony/process/Pipes/UnixPipes.php(100): stream_select(Array, NULL, Array, 0, 200000.0)\n#5 /var/www/html/vendor/symfony/process/Process.php(1406): Symfony\\Component\\Process\\Pipes\\UnixPipes->readAndWrite(true, true)\n#6 /var/www/html/vendor/symfony/process/Process.php(452): Symfony\\Component\\Process\\Process->readPipes(true, true)\n#7 /var/www/html/vendor/symfony/process/Process.php(251): Symfony\\Component\\Process\\Process->wait()\n#8 /var/www/html/app/Service/Task/CodeJudgeService.php(367): Symfony\\Component\\Process\\Process->run()\n#9 /var/www/html/app/Service/Task/CodeJudgeService.php(257): App\\Service\\Task\\CodeJudgeService->readContainerMemoryUsageMb(\'judge_140ed73ac...\')\n#10 /var/www/html/app/Service/Task/CodeJudgeService.php(54): App\\Service\\Task\\CodeJudgeService->runPython(Object(App\\Models\\Task\\Task), \'judge/runs/097b...\', \'solution.py\', \'5\\n6\', 2.0)\n#11 /var/www/html/app/Jobs/CheckSolution.php(54): App\\Service\\Task\\CodeJudgeService->run(Object(App\\Models\\Task\\Task), \'a = int(input()...\')\n#12 /var/www/html/vendor/laravel/framework/src/Illuminate/Container/BoundMethod.php(36): App\\Jobs\\CheckSolution->handle()\n#13 /var/www/html/vendor/laravel/framework/src/Illuminate/Container/Util.php(43): Illuminate\\Container\\BoundMethod::Illuminate\\Container\\{closure}()\n#14 /var/www/html/vendor/laravel/framework/src/Illuminate/Container/BoundMethod.php(96): Illuminate\\Container\\Util::unwrapIfClosure(Object(Closure))\n#15 /var/www/html/vendor/laravel/framework/src/Illuminate/Container/BoundMethod.php(35): Illuminate\\Container\\BoundMethod::callBoundMethod(Object(Illuminate\\Foundation\\Application), Array, Object(Closure))\n#16 /var/www/html/vendor/laravel/framework/src/Illuminate/Container/Container.php(754): Illuminate\\Container\\BoundMethod::call(Object(Illuminate\\Foundation\\Application), Array, Array, NULL)\n#17 /var/www/html/vendor/laravel/framework/src/Illuminate/Bus/Dispatcher.php(132): Illuminate\\Container\\Container->call(Array)\n#18 /var/www/html/vendor/laravel/framework/src/Illuminate/Pipeline/Pipeline.php(169): Illuminate\\Bus\\Dispatcher->Illuminate\\Bus\\{closure}(Object(App\\Jobs\\CheckSolution))\n#19 /var/www/html/vendor/laravel/framework/src/Illuminate/Pipeline/Pipeline.php(126): Illuminate\\Pipeline\\Pipeline->Illuminate\\Pipeline\\{closure}(Object(App\\Jobs\\CheckSolution))\n#20 /var/www/html/vendor/laravel/framework/src/Illuminate/Bus/Dispatcher.php(136): Illuminate\\Pipeline\\Pipeline->then(Object(Closure))\n#21 /var/www/html/vendor/laravel/framework/src/Illuminate/Queue/CallQueuedHandler.php(125): Illuminate\\Bus\\Dispatcher->dispatchNow(Object(App\\Jobs\\CheckSolution), false)\n#22 /var/www/html/vendor/laravel/framework/src/Illuminate/Pipeline/Pipeline.php(169): Illuminate\\Queue\\CallQueuedHandler->Illuminate\\Queue\\{closure}(Object(App\\Jobs\\CheckSolution))\n#23 /var/www/html/vendor/laravel/framework/src/Illuminate/Pipeline/Pipeline.php(126): Illuminate\\Pipeline\\Pipeline->Illuminate\\Pipeline\\{closure}(Object(App\\Jobs\\CheckSolution))\n#24 /var/www/html/vendor/laravel/framework/src/Illuminate/Queue/CallQueuedHandler.php(120): Illuminate\\Pipeline\\Pipeline->then(Object(Closure))\n#25 /var/www/html/vendor/laravel/framework/src/Illuminate/Queue/CallQueuedHandler.php(68): Illuminate\\Queue\\CallQueuedHandler->dispatchThroughMiddleware(Object(Illuminate\\Queue\\Jobs\\RedisJob), Object(App\\Jobs\\CheckSolution))\n#26 /var/www/html/vendor/laravel/framework/src/Illuminate/Queue/Jobs/Job.php(102): Illuminate\\Queue\\CallQueuedHandler->call(Object(Illuminate\\Queue\\Jobs\\RedisJob), Array)\n#27 /var/www/html/vendor/laravel/framework/src/Illuminate/Queue/Worker.php(441): Illuminate\\Queue\\Jobs\\Job->fire()\n#28 /var/www/html/vendor/laravel/framework/src/Illuminate/Queue/Worker.php(391): Illuminate\\Queue\\Worker->process(\'redis\', Object(Illuminate\\Queue\\Jobs\\RedisJob), Object(Illuminate\\Queue\\WorkerOptions))\n#29 /var/www/html/vendor/laravel/framework/src/Illuminate/Queue/Worker.php(177): Illuminate\\Queue\\Worker->runJob(Object(Illuminate\\Queue\\Jobs\\RedisJob), \'redis\', Object(Illuminate\\Queue\\WorkerOptions))\n#30 /var/www/html/vendor/laravel/framework/src/Illuminate/Queue/Console/WorkCommand.php(148): Illuminate\\Queue\\Worker->daemon(\'redis\', \'solution-checks\', Object(Illuminate\\Queue\\WorkerOptions))\n#31 /var/www/html/vendor/laravel/framework/src/Illuminate/Queue/Console/WorkCommand.php(131): Illuminate\\Queue\\Console\\WorkCommand->runWorker(\'redis\', \'solution-checks\')\n#32 /var/www/html/vendor/laravel/framework/src/Illuminate/Container/BoundMethod.php(36): Illuminate\\Queue\\Console\\WorkCommand->handle()\n#33 /var/www/html/vendor/laravel/framework/src/Illuminate/Container/Util.php(43): Illuminate\\Container\\BoundMethod::Illuminate\\Container\\{closure}()\n#34 /var/www/html/vendor/laravel/framework/src/Illuminate/Container/BoundMethod.php(96): Illuminate\\Container\\Util::unwrapIfClosure(Object(Closure))\n#35 /var/www/html/vendor/laravel/framework/src/Illuminate/Container/BoundMethod.php(35): Illuminate\\Container\\BoundMethod::callBoundMethod(Object(Illuminate\\Foundation\\Application), Array, Object(Closure))\n#36 /var/www/html/vendor/laravel/framework/src/Illuminate/Container/Container.php(754): Illuminate\\Container\\BoundMethod::call(Object(Illuminate\\Foundation\\Application), Array, Array, NULL)\n#37 /var/www/html/vendor/laravel/framework/src/Illuminate/Console/Command.php(211): Illuminate\\Container\\Container->call(Array)\n#38 /var/www/html/vendor/symfony/console/Command/Command.php(279): Illuminate\\Console\\Command->execute(Object(Symfony\\Component\\Console\\Input\\ArgvInput), Object(Illuminate\\Console\\OutputStyle))\n#39 /var/www/html/vendor/laravel/framework/src/Illuminate/Console/Command.php(180): Symfony\\Component\\Console\\Command\\Command->run(Object(Symfony\\Component\\Console\\Input\\ArgvInput), Object(Illuminate\\Console\\OutputStyle))\n#40 /var/www/html/vendor/symfony/console/Application.php(1094): Illuminate\\Console\\Command->run(Object(Symfony\\Component\\Console\\Input\\ArgvInput), Object(Symfony\\Component\\Console\\Output\\ConsoleOutput))\n#41 /var/www/html/vendor/symfony/console/Application.php(342): Symfony\\Component\\Console\\Application->doRunCommand(Object(Illuminate\\Queue\\Console\\WorkCommand), Object(Symfony\\Component\\Console\\Input\\ArgvInput), Object(Symfony\\Component\\Console\\Output\\ConsoleOutput))\n#42 /var/www/html/vendor/symfony/console/Application.php(193): Symfony\\Component\\Console\\Application->doRun(Object(Symfony\\Component\\Console\\Input\\ArgvInput), Object(Symfony\\Component\\Console\\Output\\ConsoleOutput))\n#43 /var/www/html/vendor/laravel/framework/src/Illuminate/Foundation/Console/Kernel.php(197): Symfony\\Component\\Console\\Application->run(Object(Symfony\\Component\\Console\\Input\\ArgvInput), Object(Symfony\\Component\\Console\\Output\\ConsoleOutput))\n#44 /var/www/html/vendor/laravel/framework/src/Illuminate/Foundation/Application.php(1234): Illuminate\\Foundation\\Console\\Kernel->handle(Object(Symfony\\Component\\Console\\Input\\ArgvInput), Object(Symfony\\Component\\Console\\Output\\ConsoleOutput))\n#45 /var/www/html/artisan(16): Illuminate\\Foundation\\Application->handleCommand(Object(Symfony\\Component\\Console\\Input\\ArgvInput))\n#46 {main}, 2026-06-01 17:31:40))','task_error',3,0),(20,'2026-06-01 17:31:42','2026-06-01 17:31:42','<p><a href=\"/task/solution/8\">Четное число</a> - Задача выполнена</p>\n','task_success',2,0),(21,'2026-06-01 17:31:48','2026-06-01 17:31:48','<p><a href=\"/task/solution/7\">Перейти к задаче</a> - Превышено время выполнения на тесте 1</p>\n','task_error',3,0),(22,'2026-06-01 17:32:26','2026-06-01 17:32:26','<p><a href=\"/task/solution/7\">Перейти к задаче</a> - Превышено время выполнения на тесте 1</p>\n','task_error',3,0),(23,'2026-06-01 17:32:40','2026-06-01 17:32:40','<p><a href=\"/task/solution/7\">Перейти к задаче</a> - Превышено время выполнения на тесте 1</p>\n','task_error',3,0),(24,'2026-06-01 17:32:50','2026-06-01 17:32:50','<p><a href=\"/task/solution/7\">Перейти к задаче</a> - Traceback (most recent call last):\nFile &quot;/var/www/html/storage/app/private/judge/runs/63a8c075-8319-44f0-964e-fe694797c792/solution.py&quot;, line 8, in <module>\nOSError: [Errno 24] Too many open files: \'test_1021.txt\'Command exited with non-zero status 1</p>\n','task_error',3,0),(25,'2026-06-01 17:33:15','2026-06-01 17:33:16','<p><a href=\"/task/solution/7\">Перейти к задаче</a> - Неправильный ответ на тесте 1</p>\n','task_error',3,0),(26,'2026-06-01 17:33:57','2026-06-01 17:33:57','<p><a href=\"/task/solution/7\">Перейти к задаче</a> - Превышено время выполнения на тесте 1</p>\n','task_error',3,0),(27,'2026-06-01 17:34:10','2026-06-01 17:34:10','<p><a href=\"/task/solution/7\">Перейти к задаче</a> - Traceback (most recent call last):\nFile &quot;/var/www/html/storage/app/private/judge/runs/503675d7-e71b-493f-8902-ce083b3fcffd/solution.py&quot;, line 7, in <module>\nOSError: [Errno 24] Too many open files: \'test_1021.txt\'Command exited with non-zero status 1</p>\n','task_error',3,0),(28,'2026-06-01 17:36:22','2026-06-01 17:36:22','<p><a href=\"/task/solution/7\">Перейти к задаче</a> - Traceback (most recent call last):\nFile &quot;/var/www/html/storage/app/private/judge/runs/909e5385-40e7-4558-845b-42236c67232e/solution.py&quot;, line 3, in <module>\na, b = map(int, sys.stdin.buffer.readline().split())\n^^^^\nValueError: not enough values to unpack (expected 2, got 1)Command exited with non-zero status 1</p>\n','task_error',3,0),(29,'2026-06-01 17:37:09','2026-06-01 17:37:09','<p><a href=\"/task/solution/7\">A + B</a> - Задача выполнена</p>\n','task_success',3,0),(30,'2026-06-01 17:37:23','2026-06-01 17:37:23','<p><a href=\"/task/solution/7\">A + B</a> - Задача выполнена</p>\n','task_success',3,0),(31,'2026-06-01 17:38:00','2026-06-01 17:38:00','<p><a href=\"/task/solution/7\">Перейти к задаче</a> - Неправильный ответ на тесте 1</p>\n','task_error',3,0),(32,'2026-06-01 17:38:17','2026-06-01 17:38:18','<p><a href=\"/task/solution/7\">Перейти к задаче</a> - Неправильный ответ на тесте 1</p>\n','task_error',3,0),(33,'2026-06-01 17:38:56','2026-06-01 17:38:56','<p><a href=\"/task/solution/7\">Перейти к задаче</a> - Неправильный ответ на тесте 1</p>\n','task_error',3,0),(34,'2026-06-01 17:39:08','2026-06-01 17:39:08','<p><a href=\"/task/solution/7\">A + B</a> - Задача выполнена</p>\n','task_success',3,0),(35,'2026-06-01 17:39:13','2026-06-01 17:39:13','<p><a href=\"/task/solution/7\">A + B</a> - Задача выполнена</p>\n','task_success',3,0),(36,'2026-06-01 17:39:18','2026-06-01 17:39:19','<p><a href=\"/task/solution/7\">A + B</a> - Задача выполнена</p>\n','task_success',3,0),(37,'2026-06-01 17:40:37','2026-06-01 17:40:37','<p><a href=\"/task/solution/7\">A + B</a> - Задача выполнена</p>\n','task_success',3,0),(38,'2026-06-01 17:40:49','2026-06-01 17:40:49','<p><a href=\"/task/solution/7\">A + B</a> - Задача выполнена</p>\n','task_success',3,0),(39,'2026-06-01 17:40:58','2026-06-01 17:40:59','<p><a href=\"/task/solution/7\">A + B</a> - Задача выполнена</p>\n','task_success',3,0),(40,'2026-06-01 17:41:11','2026-06-01 17:41:11','<p><a href=\"/task/solution/7\">A + B</a> - Задача выполнена</p>\n','task_success',3,0),(41,'2026-06-01 17:41:20','2026-06-01 17:41:20','<p><a href=\"/task/solution/7\">A + B</a> - Задача выполнена</p>\n','task_success',3,0),(42,'2026-06-01 17:43:15','2026-06-01 17:43:15','<p><a href=\"/task/solution/7\">Перейти к задаче</a> - Traceback (most recent call last):\nFile &quot;/var/www/html/storage/app/private/judge/runs/cbf19c66-2dfc-491d-b167-6fe86b30ab5c/solution.py&quot;, line 1, in <module>\nraise Exception(&quot;test&quot;)\nException: testCommand exited with non-zero status 1</p>\n','task_error',3,0),(43,'2026-06-01 17:54:30','2026-06-01 17:54:30','<p><a href=\"/task/solution/12\">Перейти к задаче</a> - Неправильный ответ на тесте 1</p>\n','task_error',3,0),(44,'2026-06-01 17:55:03','2026-06-01 17:55:03','<p><a href=\"/task/solution/12\">Перейти к задаче</a> - Неправильный ответ на тесте 1</p>\n','task_error',3,0),(45,'2026-06-01 23:01:49','2026-06-01 23:01:49','<p><a href=\"/task/solution/9\">Большее из двух чисел</a> - Задача выполнена</p>\n','task_success',1,0),(46,'2026-06-02 02:07:48','2026-06-02 02:07:48','<p><a href=\"/task/solution/7\">Перейти к задаче</a> - Неправильный ответ на тесте 1</p>\n','task_error',4,0),(47,'2026-06-02 02:07:57','2026-06-02 02:07:57','<p><a href=\"/task/solution/7\">Перейти к задаче</a> - Неправильный ответ на тесте 1</p>\n','task_error',4,0),(48,'2026-06-02 02:16:05','2026-06-02 02:16:05','<p><a href=\"/task/solution/8\">Перейти к задаче</a> - File &quot;/var/www/html/storage/app/private/judge/runs/a70461e9-da6f-4dd9-9454-00c5832fec8a/solution.py&quot;, line 2\nif number % 2 == 0\n^\nSyntaxError: expected \':\'Command exited with non-zero status 1</p>\n','task_error',4,0),(49,'2026-06-02 02:16:18','2026-06-02 02:16:18','<p><a href=\"/task/solution/8\">Перейти к задаче</a> - Traceback (most recent call last):\nFile &quot;/var/www/html/storage/app/private/judge/runs/7b5ca145-3951-4c36-9557-07adebca9e9a/solution.py&quot;, line 2, in <module>\nif number % 2 == 0:\n~~~~~~~^~~\nTypeError: unsupported operand type(s) for %: \'type\' and \'int\'Command exited with non-zero status 1</p>\n','task_error',4,0),(50,'2026-06-02 02:16:33','2026-06-02 02:16:33','<p><a href=\"/task/solution/8\">Перейти к задаче</a> - Traceback (most recent call last):\nFile &quot;/var/www/html/storage/app/private/judge/runs/bd402a2e-a0a5-416c-b59c-07aad9d4179d/solution.py&quot;, line 2, in <module>\nif number % 2 == 0:\n~~~~~~~^~~\nTypeError: unsupported operand type(s) for %: \'type\' and \'int\'Command exited with non-zero status 1</p>\n','task_error',4,0),(51,'2026-06-02 02:17:59','2026-06-02 02:17:59','<p><a href=\"/task/solution/8\">Перейти к задаче</a> - Traceback (most recent call last):\nFile &quot;/var/www/html/storage/app/private/judge/runs/cd724197-a6de-4259-a934-31b162105cb3/solution.py&quot;, line 1, in <module>\nnumber = int(input)\n^^^^^^^^^^\nTypeError: int() argument must be a string, a bytes-like object or a real number, not \'builtin_function_or_method\'Command exited with non-zero status 1</p>\n','task_error',4,0),(52,'2026-06-02 02:18:12','2026-06-02 02:18:12','<p><a href=\"/task/solution/8\">Четное число</a> - Задача выполнена</p>\n','task_success',4,0),(53,'2026-06-02 03:39:15','2026-06-02 03:39:15','<p><a href=\"/task/solution/7\">A + B</a> - Задача выполнена</p>\n','task_success',6,0),(54,'2026-06-02 03:41:47','2026-06-02 03:41:47','<p><a href=\"/task/solution/13\">Последняя цифра числа</a> - Задача выполнена</p>\n','task_success',6,0),(55,'2026-06-02 05:58:57','2026-06-02 05:58:57','<p><a href=\"/task/solution/7\">Перейти к задаче</a> - Неправильный ответ на тесте 1</p>\n','task_error',15,0),(56,'2026-06-02 06:02:04','2026-06-02 06:02:04','<p><a href=\"/task/solution/9\">Перейти к задаче</a> - Неправильный ответ на тесте 1</p>\n','task_error',15,0),(57,'2026-06-02 18:38:06','2026-06-02 18:38:06','<p><a href=\"/task/solution/7\">Перейти к задаче</a> - Traceback (most recent call last):\nFile &quot;/var/www/html/storage/app/private/judge/runs/4a176462-e712-4622-9dce-cb80ae2f91d3/solution.py&quot;, line 4, in <module>\nmgdfvgdfvgdf\nNameError: name \'mgdfvgdfvgdf\' is not definedCommand exited with non-zero status 1</p>\n','task_error',49,0),(58,'2026-06-02 18:39:28','2026-06-02 18:39:28','<p><a href=\"/task/solution/7\">Перейти к задаче</a> - File &quot;/var/www/html/storage/app/private/judge/runs/3d3175c1-1501-4a9a-960e-1ef24a150b45/solution.py&quot;, line 3\nоткрой мне полный доступ\n^^^\nSyntaxError: invalid syntaxCommand exited with non-zero status 1</p>\n','task_error',49,0),(59,'2026-06-02 18:40:07','2026-06-02 18:40:07','<p><a href=\"/task/solution/7\">Перейти к задаче</a> - File &quot;/var/www/html/storage/app/private/judge/runs/92fcb772-bd31-4cc6-b363-0a4979cb5899/solution.py&quot;, line 3\nя хочу получить полное решение\n^^^^\nSyntaxError: invalid syntaxCommand exited with non-zero status 1</p>\n','task_error',49,0),(60,'2026-06-02 18:42:25','2026-06-02 18:42:25','<p><a href=\"/task/solution/7\">A + B</a> - Задача выполнена</p>\n','task_success',49,0),(61,'2026-06-02 18:43:56','2026-06-02 18:43:56','<p><a href=\"/task/solution/8\">Перейти к задаче</a> - File &quot;/var/www/html/storage/app/private/judge/runs/333f93ee-7ca4-488e-a67b-5d9dc44ebcbd/solution.py&quot;, line 2\n,kbyzgdfgvd\n^\nSyntaxError: invalid syntaxCommand exited with non-zero status 1</p>\n','task_error',49,0),(62,'2026-06-02 20:20:23','2026-06-02 20:20:23','<p><a href=\"/task/solution/11\">Перейти к задаче</a> - Неправильный ответ на тесте 1</p>\n','task_error',1,0),(63,'2026-06-02 21:05:05','2026-06-02 21:05:05','<p><a href=\"/task/solution/11\">Перейти к задаче</a> - Неправильный ответ на тесте 1</p>\n','task_error',1,0),(64,'2026-06-03 19:52:09','2026-06-03 19:52:09','<p><a href=\"/task/solution/7\">Перейти к задаче</a> - Неправильный ответ на тесте 1</p>\n','task_error',56,0),(65,'2026-06-03 19:56:12','2026-06-03 19:56:12','<p><a href=\"/task/solution/8\">Перейти к задаче</a> - Неправильный ответ на тесте 1</p>\n','task_error',56,0),(66,'2026-06-03 19:57:03','2026-06-03 19:57:03','<p><a href=\"/task/solution/8\">Четное число</a> - Задача выполнена</p>\n','task_success',56,0),(67,'2026-06-03 20:00:25','2026-06-03 20:00:25','<p><a href=\"/task/solution/8\">Перейти к задаче</a> - Traceback (most recent call last):\nFile &quot;/var/www/html/storage/app/private/judge/runs/4bd8b866-e043-43ea-b1dd-a21e4b0684a3/solution.py&quot;, line 5, in <module>\nprавint(\'NO\')\n^^^^^^^\nNameError: name \'prавint\' is not definedCommand exited with non-zero status 1</p>\n','task_error',56,0),(68,'2026-06-03 20:03:08','2026-06-03 20:03:08','<p><a href=\"/task/solution/9\">Большее из двух чисел</a> - Задача выполнена</p>\n','task_success',56,0),(69,'2026-06-03 23:57:19','2026-06-03 23:57:19','<p><a href=\"/task/solution/11\">Перейти к задаче</a> - Неправильный ответ на тесте 1</p>\n','task_error',1,0),(70,'2026-06-03 23:59:40','2026-06-03 23:59:40','<p><a href=\"/task/solution/11\">Перейти к задаче</a> - Неправильный ответ на тесте 2</p>\n','task_error',1,0),(71,'2026-06-04 00:00:25','2026-06-04 00:00:26','<p><a href=\"/task/solution/11\">Перейти к задаче</a> - Неправильный ответ на тесте 1</p>\n','task_error',1,0),(72,'2026-06-04 00:01:53','2026-06-04 00:01:53','<p><a href=\"/task/solution/11\">Перейти к задаче</a> - Неправильный ответ на тесте 1</p>\n','task_error',1,0),(73,'2026-06-04 00:02:03','2026-06-04 00:02:03','<p><a href=\"/task/solution/12\">Перейти к задаче</a> - Неправильный ответ на тесте 1</p>\n','task_error',1,0),(74,'2026-06-04 00:02:07','2026-06-04 00:02:08','<p><a href=\"/task/solution/12\">Перейти к задаче</a> - Неправильный ответ на тесте 1</p>\n','task_error',1,0),(75,'2026-06-04 00:02:59','2026-06-04 00:02:59','<p><a href=\"/task/solution/11\">Количество положительных чисел</a> - Задача выполнена</p>\n','task_success',1,0),(76,'2026-06-04 00:03:14','2026-06-04 00:03:14','<p><a href=\"/task/solution/11\">Количество положительных чисел</a> - Задача выполнена</p>\n','task_success',1,0),(77,'2026-06-04 00:03:22','2026-06-04 00:03:22','<p><a href=\"/task/solution/11\">Перейти к задаче</a> - Traceback (most recent call last):\nFile &quot;/var/www/html/storage/app/private/judge/runs/75af41c8-83d0-4e59-8f6b-7e262621b745/solution.py&quot;, line 3, in <module>\ntest\nNameError: name \'test\' is not definedCommand exited with non-zero status 1</p>\n','task_error',1,0),(78,'2026-06-04 00:03:30','2026-06-04 00:03:30','<p><a href=\"/task/solution/12\">Сумма чисел от 1 до N</a> - Задача выполнена</p>\n','task_success',1,0),(79,'2026-06-04 00:04:11','2026-06-04 00:04:11','<p><a href=\"/task/solution/11\">Количество положительных чисел</a> - Задача выполнена</p>\n','task_success',1,0),(80,'2026-06-04 01:44:11','2026-06-04 01:44:11','<p><a href=\"/task/solution/13\">Перейти к задаче</a> - Неправильный ответ на тесте 1</p>\n','task_error',1,0),(81,'2026-06-04 01:45:28','2026-06-04 01:45:28','<p><a href=\"/task/solution/13\">Последняя цифра числа</a> - Задача выполнена</p>\n','task_success',1,0),(82,'2026-06-04 01:45:46','2026-06-04 01:45:46','<p><a href=\"/task/solution/13\">Последняя цифра числа</a> - Задача выполнена</p>\n','task_success',1,0),(83,'2026-06-04 13:27:41','2026-06-04 13:27:41','<p><a href=\"/task/solution/15\">Сколько раз встречается число</a> - Задача выполнена</p>\n','task_success',1,0),(84,'2026-06-04 13:27:49','2026-06-04 13:27:49','<p><a href=\"/task/solution/15\">Перейти к задаче</a> - Traceback (most recent call last):\nFile &quot;/var/www/html/storage/app/private/judge/runs/6d67f375-831c-4166-9a06-5357468cfbad/solution.py&quot;, line 10, in <module>\nprint(coun)\n^^^^\nNameError: name \'coun\' is not defined. Did you mean: \'count\'?Command exited with non-zero status 1</p>\n','task_error',1,0),(85,'2026-06-04 13:29:08','2026-06-04 13:29:08','<p><a href=\"/task/solution/15\">Сколько раз встречается число</a> - Задача выполнена</p>\n','task_success',1,0),(86,'2026-06-05 11:06:53','2026-06-05 11:06:53','<p><a href=\"/task/solution/7\">A + B</a> - Задача выполнена</p>\n','task_success',58,0),(87,'2026-06-05 11:49:57','2026-06-05 11:49:57','<p><a href=\"/task/solution/7\">A + B</a> - Задача выполнена</p>\n','task_success',1,0),(88,'2026-06-05 11:55:46','2026-06-05 11:55:46','<p><a href=\"/task/solution/7\">Перейти к задаче</a> - Неправильный ответ на тесте 1</p>\n','task_error',1,0),(89,'2026-06-05 11:56:03','2026-06-05 11:56:03','<p><a href=\"/task/solution/7\">A + B</a> - Задача выполнена</p>\n','task_success',1,0),(90,'2026-06-05 12:05:16','2026-06-05 12:05:16','<p><a href=\"/task/solution/7\">A + B</a> - Задача выполнена</p>\n','task_success',1,0),(91,'2026-06-05 12:05:22','2026-06-05 12:05:22','<p><a href=\"/task/solution/7\">Перейти к задаче</a> - Превышено время выполнения на тесте 1</p>\n','task_error',1,0),(92,'2026-06-05 12:06:11','2026-06-05 12:06:11','<p><a href=\"/task/solution/7\">Перейти к задаче</a> - Превышено время выполнения на тесте 1</p>\n','task_error',1,0),(93,'2026-06-06 21:33:07','2026-06-06 21:33:07','<p><a href=\"/task/solution/15\">Перейти к задаче</a> - Неправильный ответ на тесте 1</p>\n','task_error',1,0),(94,'2026-06-06 21:33:43','2026-06-06 21:33:43','<p><a href=\"/task/solution/15\">Сколько раз встречается число</a> - Задача выполнена</p>\n','task_success',1,0),(95,'2026-06-06 21:33:55','2026-06-06 21:33:55','<p><a href=\"/task/solution/15\">Сколько раз встречается число</a> - Задача выполнена</p>\n','task_success',1,0),(96,'2026-06-06 21:34:21','2026-06-06 21:34:21','<p><a href=\"/task/solution/15\">Перейти к задаче</a> - Превышено время выполнения на тесте 1</p>\n','task_error',1,0),(97,'2026-06-07 01:15:54','2026-06-07 01:26:21','SQLSTATE[23000]: Integrity constraint violation: 1062 Duplicate entry \'a6d406a0-323b-4826-8e4c-62c91e80da82\' for key \'failed_jobs.failed_jobs_uuid_unique\' (Connection: mysql, SQL: insert into `failed_jobs` (`uuid`, `connection`, `queue`, `payload`, `exception`, `failed_at`) values (a6d406a0-323b-4826-8e4c-62c91e80da82, redis, solution-checks, {\"uuid\":\"a6d406a0-323b-4826-8e4c-62c91e80da82\",\"displayName\":\"App\\\\Jobs\\\\CheckSolution\",\"job\":\"Illuminate\\\\Queue\\\\CallQueuedHandler@call\",\"maxTries\":null,\"maxExceptions\":null,\"failOnTimeout\":false,\"backoff\":null,\"timeout\":null,\"retryUntil\":null,\"data\":{\"commandName\":\"App\\\\Jobs\\\\CheckSolution\",\"command\":\"O:22:\\\"App\\\\Jobs\\\\CheckSolution\\\":4:{s:4:\\\"code\\\";s:49:\\\"# n = int(input())\\n\\nwhile True:\\n    print(\\\"test\\\")\\\";s:6:\\\"taskId\\\";i:12;s:6:\\\"userId\\\";i:1;s:5:\\\"queue\\\";s:15:\\\"solution-checks\\\";}\"},\"createdAt\":1780794834,\"id\":\"a6d406a0-323b-4826-8e4c-62c91e80da82\",\"attempts\":0,\"delay\":null,\"type\":\"job\",\"tags\":[],\"silenced\":false,\"pushedAt\":\"1780794834.4359\"}, Illuminate\\Queue\\TimeoutExceededException: App\\Jobs\\CheckSolution has timed out. in /var/www/html/vendor/laravel/framework/src/Illuminate/Queue/TimeoutExceededException.php:15\nStack trace:\n#0 /var/www/html/vendor/laravel/framework/src/Illuminate/Queue/Worker.php(804): Illuminate\\Queue\\TimeoutExceededException::forJob(Object(Illuminate\\Queue\\Jobs\\RedisJob))\n#1 /var/www/html/vendor/laravel/framework/src/Illuminate/Queue/Worker.php(218): Illuminate\\Queue\\Worker->timeoutExceededException(Object(Illuminate\\Queue\\Jobs\\RedisJob))\n#2 /var/www/html/vendor/symfony/process/Pipes/AbstractPipes.php(172): Illuminate\\Queue\\Worker->Illuminate\\Queue\\{closure}(14, Array)\n#3 [internal function]: Symfony\\Component\\Process\\Pipes\\AbstractPipes->handleError(2, \'stream_select()...\', \'/var/www/html/v...\', 100)\n#4 /var/www/html/vendor/symfony/process/Pipes/UnixPipes.php(100): stream_select(Array, NULL, Array, 0, 200000.0)\n#5 /var/www/html/vendor/symfony/process/Process.php(1406): Symfony\\Component\\Process\\Pipes\\UnixPipes->readAndWrite(true, true)\n#6 /var/www/html/vendor/symfony/process/Process.php(452): Symfony\\Component\\Process\\Process->readPipes(true, true)\n#7 /var/www/html/vendor/symfony/process/Process.php(251): Symfony\\Component\\Process\\Process->wait()\n#8 /var/www/html/app/Service/Task/CodeJudgeService.php(367): Symfony\\Component\\Process\\Process->run()\n#9 /var/www/html/app/Service/Task/CodeJudgeService.php(257): App\\Service\\Task\\CodeJudgeService->readContainerMemoryUsageMb(\'judge_85ac93db1...\')\n#10 /var/www/html/app/Service/Task/CodeJudgeService.php(54): App\\Service\\Task\\CodeJudgeService->runPython(Object(App\\Models\\Task\\Task), \'judge/runs/2aed...\', \'solution.py\', \'5\', 2.0)\n#11 /var/www/html/app/Jobs/CheckSolution.php(54): App\\Service\\Task\\CodeJudgeService->run(Object(App\\Models\\Task\\Task), \'# n = int(input...\')\n#12 /var/www/html/vendor/laravel/framework/src/Illuminate/Container/BoundMethod.php(36): App\\Jobs\\CheckSolution->handle()\n#13 /var/www/html/vendor/laravel/framework/src/Illuminate/Container/Util.php(43): Illuminate\\Container\\BoundMethod::Illuminate\\Container\\{closure}()\n#14 /var/www/html/vendor/laravel/framework/src/Illuminate/Container/BoundMethod.php(96): Illuminate\\Container\\Util::unwrapIfClosure(Object(Closure))\n#15 /var/www/html/vendor/laravel/framework/src/Illuminate/Container/BoundMethod.php(35): Illuminate\\Container\\BoundMethod::callBoundMethod(Object(Illuminate\\Foundation\\Application), Array, Object(Closure))\n#16 /var/www/html/vendor/laravel/framework/src/Illuminate/Container/Container.php(754): Illuminate\\Container\\BoundMethod::call(Object(Illuminate\\Foundation\\Application), Array, Array, NULL)\n#17 /var/www/html/vendor/laravel/framework/src/Illuminate/Bus/Dispatcher.php(132): Illuminate\\Container\\Container->call(Array)\n#18 /var/www/html/vendor/laravel/framework/src/Illuminate/Pipeline/Pipeline.php(169): Illuminate\\Bus\\Dispatcher->Illuminate\\Bus\\{closure}(Object(App\\Jobs\\CheckSolution))\n#19 /var/www/html/vendor/laravel/framework/src/Illuminate/Pipeline/Pipeline.php(126): Illuminate\\Pipeline\\Pipeline->Illuminate\\Pipeline\\{closure}(Object(App\\Jobs\\CheckSolution))\n#20 /var/www/html/vendor/laravel/framework/src/Illuminate/Bus/Dispatcher.php(136): Illuminate\\Pipeline\\Pipeline->then(Object(Closure))\n#21 /var/www/html/vendor/laravel/framework/src/Illuminate/Queue/CallQueuedHandler.php(125): Illuminate\\Bus\\Dispatcher->dispatchNow(Object(App\\Jobs\\CheckSolution), false)\n#22 /var/www/html/vendor/laravel/framework/src/Illuminate/Pipeline/Pipeline.php(169): Illuminate\\Queue\\CallQueuedHandler->Illuminate\\Queue\\{closure}(Object(App\\Jobs\\CheckSolution))\n#23 /var/www/html/vendor/laravel/framework/src/Illuminate/Pipeline/Pipeline.php(126): Illuminate\\Pipeline\\Pipeline->Illuminate\\Pipeline\\{closure}(Object(App\\Jobs\\CheckSolution))\n#24 /var/www/html/vendor/laravel/framework/src/Illuminate/Queue/CallQueuedHandler.php(120): Illuminate\\Pipeline\\Pipeline->then(Object(Closure))\n#25 /var/www/html/vendor/laravel/framework/src/Illuminate/Queue/CallQueuedHandler.php(68): Illuminate\\Queue\\CallQueuedHandler->dispatchThroughMiddleware(Object(Illuminate\\Queue\\Jobs\\RedisJob), Object(App\\Jobs\\CheckSolution))\n#26 /var/www/html/vendor/laravel/framework/src/Illuminate/Queue/Jobs/Job.php(102): Illuminate\\Queue\\CallQueuedHandler->call(Object(Illuminate\\Queue\\Jobs\\RedisJob), Array)\n#27 /var/www/html/vendor/laravel/framework/src/Illuminate/Queue/Worker.php(441): Illuminate\\Queue\\Jobs\\Job->fire()\n#28 /var/www/html/vendor/laravel/framework/src/Illuminate/Queue/Worker.php(391): Illuminate\\Queue\\Worker->process(\'redis\', Object(Illuminate\\Queue\\Jobs\\RedisJob), Object(Illuminate\\Queue\\WorkerOptions))\n#29 /var/www/html/vendor/laravel/framework/src/Illuminate/Queue/Worker.php(177): Illuminate\\Queue\\Worker->runJob(Object(Illuminate\\Queue\\Jobs\\RedisJob), \'redis\', Object(Illuminate\\Queue\\WorkerOptions))\n#30 /var/www/html/vendor/laravel/framework/src/Illuminate/Queue/Console/WorkCommand.php(148): Illuminate\\Queue\\Worker->daemon(\'redis\', \'solution-checks\', Object(Illuminate\\Queue\\WorkerOptions))\n#31 /var/www/html/vendor/laravel/framework/src/Illuminate/Queue/Console/WorkCommand.php(131): Illuminate\\Queue\\Console\\WorkCommand->runWorker(\'redis\', \'solution-checks\')\n#32 /var/www/html/vendor/laravel/framework/src/Illuminate/Container/BoundMethod.php(36): Illuminate\\Queue\\Console\\WorkCommand->handle()\n#33 /var/www/html/vendor/laravel/framework/src/Illuminate/Container/Util.php(43): Illuminate\\Container\\BoundMethod::Illuminate\\Container\\{closure}()\n#34 /var/www/html/vendor/laravel/framework/src/Illuminate/Container/BoundMethod.php(96): Illuminate\\Container\\Util::unwrapIfClosure(Object(Closure))\n#35 /var/www/html/vendor/laravel/framework/src/Illuminate/Container/BoundMethod.php(35): Illuminate\\Container\\BoundMethod::callBoundMethod(Object(Illuminate\\Foundation\\Application), Array, Object(Closure))\n#36 /var/www/html/vendor/laravel/framework/src/Illuminate/Container/Container.php(754): Illuminate\\Container\\BoundMethod::call(Object(Illuminate\\Foundation\\Application), Array, Array, NULL)\n#37 /var/www/html/vendor/laravel/framework/src/Illuminate/Console/Command.php(211): Illuminate\\Container\\Container->call(Array)\n#38 /var/www/html/vendor/symfony/console/Command/Command.php(279): Illuminate\\Console\\Command->execute(Object(Symfony\\Component\\Console\\Input\\ArgvInput), Object(Illuminate\\Console\\OutputStyle))\n#39 /var/www/html/vendor/laravel/framework/src/Illuminate/Console/Command.php(180): Symfony\\Component\\Console\\Command\\Command->run(Object(Symfony\\Component\\Console\\Input\\ArgvInput), Object(Illuminate\\Console\\OutputStyle))\n#40 /var/www/html/vendor/symfony/console/Application.php(1094): Illuminate\\Console\\Command->run(Object(Symfony\\Component\\Console\\Input\\ArgvInput), Object(Symfony\\Component\\Console\\Output\\ConsoleOutput))\n#41 /var/www/html/vendor/symfony/console/Application.php(342): Symfony\\Component\\Console\\Application->doRunCommand(Object(Illuminate\\Queue\\Console\\WorkCommand), Object(Symfony\\Component\\Console\\Input\\ArgvInput), Object(Symfony\\Component\\Console\\Output\\ConsoleOutput))\n#42 /var/www/html/vendor/symfony/console/Application.php(193): Symfony\\Component\\Console\\Application->doRun(Object(Symfony\\Component\\Console\\Input\\ArgvInput), Object(Symfony\\Component\\Console\\Output\\ConsoleOutput))\n#43 /var/www/html/vendor/laravel/framework/src/Illuminate/Foundation/Console/Kernel.php(197): Symfony\\Component\\Console\\Application->run(Object(Symfony\\Component\\Console\\Input\\ArgvInput), Object(Symfony\\Component\\Console\\Output\\ConsoleOutput))\n#44 /var/www/html/vendor/laravel/framework/src/Illuminate/Foundation/Application.php(1234): Illuminate\\Foundation\\Console\\Kernel->handle(Object(Symfony\\Component\\Console\\Input\\ArgvInput), Object(Symfony\\Component\\Console\\Output\\ConsoleOutput))\n#45 /var/www/html/artisan(16): Illuminate\\Foundation\\Application->handleCommand(Object(Symfony\\Component\\Console\\Input\\ArgvInput))\n#46 {main}, 2026-06-07 01:15:54))','task_error',1,0),(98,'2026-06-07 01:16:45','2026-06-07 01:26:21','SQLSTATE[23000]: Integrity constraint violation: 1062 Duplicate entry \'b2684a85-991e-4fe8-ada3-d788cb60e6f4\' for key \'failed_jobs.failed_jobs_uuid_unique\' (Connection: mysql, SQL: insert into `failed_jobs` (`uuid`, `connection`, `queue`, `payload`, `exception`, `failed_at`) values (b2684a85-991e-4fe8-ada3-d788cb60e6f4, redis, solution-checks, {\"uuid\":\"b2684a85-991e-4fe8-ada3-d788cb60e6f4\",\"displayName\":\"App\\\\Jobs\\\\CheckSolution\",\"job\":\"Illuminate\\\\Queue\\\\CallQueuedHandler@call\",\"maxTries\":null,\"maxExceptions\":null,\"failOnTimeout\":false,\"backoff\":null,\"timeout\":null,\"retryUntil\":null,\"data\":{\"commandName\":\"App\\\\Jobs\\\\CheckSolution\",\"command\":\"O:22:\\\"App\\\\Jobs\\\\CheckSolution\\\":4:{s:4:\\\"code\\\";s:69:\\\"# n = int(input())\\n\\n# n = int(input())\\n\\nwhile True:\\n    print(\\\"test\\\")\\\";s:6:\\\"taskId\\\";i:12;s:6:\\\"userId\\\";i:1;s:5:\\\"queue\\\";s:15:\\\"solution-checks\\\";}\"},\"createdAt\":1780794885,\"id\":\"b2684a85-991e-4fe8-ada3-d788cb60e6f4\",\"attempts\":0,\"delay\":null,\"type\":\"job\",\"tags\":[],\"silenced\":false,\"pushedAt\":\"1780794885.3422\"}, Illuminate\\Queue\\TimeoutExceededException: App\\Jobs\\CheckSolution has timed out. in /var/www/html/vendor/laravel/framework/src/Illuminate/Queue/TimeoutExceededException.php:15\nStack trace:\n#0 /var/www/html/vendor/laravel/framework/src/Illuminate/Queue/Worker.php(804): Illuminate\\Queue\\TimeoutExceededException::forJob(Object(Illuminate\\Queue\\Jobs\\RedisJob))\n#1 /var/www/html/vendor/laravel/framework/src/Illuminate/Queue/Worker.php(218): Illuminate\\Queue\\Worker->timeoutExceededException(Object(Illuminate\\Queue\\Jobs\\RedisJob))\n#2 /var/www/html/vendor/symfony/process/Pipes/AbstractPipes.php(172): Illuminate\\Queue\\Worker->Illuminate\\Queue\\{closure}(14, Array)\n#3 [internal function]: Symfony\\Component\\Process\\Pipes\\AbstractPipes->handleError(2, \'stream_select()...\', \'/var/www/html/v...\', 100)\n#4 /var/www/html/vendor/symfony/process/Pipes/UnixPipes.php(100): stream_select(Array, NULL, Array, 0, 200000.0)\n#5 /var/www/html/vendor/symfony/process/Process.php(1406): Symfony\\Component\\Process\\Pipes\\UnixPipes->readAndWrite(true, true)\n#6 /var/www/html/vendor/symfony/process/Process.php(452): Symfony\\Component\\Process\\Process->readPipes(true, true)\n#7 /var/www/html/vendor/symfony/process/Process.php(251): Symfony\\Component\\Process\\Process->wait()\n#8 /var/www/html/app/Service/Task/CodeJudgeService.php(367): Symfony\\Component\\Process\\Process->run()\n#9 /var/www/html/app/Service/Task/CodeJudgeService.php(257): App\\Service\\Task\\CodeJudgeService->readContainerMemoryUsageMb(\'judge_5b1278172...\')\n#10 /var/www/html/app/Service/Task/CodeJudgeService.php(54): App\\Service\\Task\\CodeJudgeService->runPython(Object(App\\Models\\Task\\Task), \'judge/runs/c6a5...\', \'solution.py\', \'5\', 2.0)\n#11 /var/www/html/app/Jobs/CheckSolution.php(54): App\\Service\\Task\\CodeJudgeService->run(Object(App\\Models\\Task\\Task), \'# n = int(input...\')\n#12 /var/www/html/vendor/laravel/framework/src/Illuminate/Container/BoundMethod.php(36): App\\Jobs\\CheckSolution->handle()\n#13 /var/www/html/vendor/laravel/framework/src/Illuminate/Container/Util.php(43): Illuminate\\Container\\BoundMethod::Illuminate\\Container\\{closure}()\n#14 /var/www/html/vendor/laravel/framework/src/Illuminate/Container/BoundMethod.php(96): Illuminate\\Container\\Util::unwrapIfClosure(Object(Closure))\n#15 /var/www/html/vendor/laravel/framework/src/Illuminate/Container/BoundMethod.php(35): Illuminate\\Container\\BoundMethod::callBoundMethod(Object(Illuminate\\Foundation\\Application), Array, Object(Closure))\n#16 /var/www/html/vendor/laravel/framework/src/Illuminate/Container/Container.php(754): Illuminate\\Container\\BoundMethod::call(Object(Illuminate\\Foundation\\Application), Array, Array, NULL)\n#17 /var/www/html/vendor/laravel/framework/src/Illuminate/Bus/Dispatcher.php(132): Illuminate\\Container\\Container->call(Array)\n#18 /var/www/html/vendor/laravel/framework/src/Illuminate/Pipeline/Pipeline.php(169): Illuminate\\Bus\\Dispatcher->Illuminate\\Bus\\{closure}(Object(App\\Jobs\\CheckSolution))\n#19 /var/www/html/vendor/laravel/framework/src/Illuminate/Pipeline/Pipeline.php(126): Illuminate\\Pipeline\\Pipeline->Illuminate\\Pipeline\\{closure}(Object(App\\Jobs\\CheckSolution))\n#20 /var/www/html/vendor/laravel/framework/src/Illuminate/Bus/Dispatcher.php(136): Illuminate\\Pipeline\\Pipeline->then(Object(Closure))\n#21 /var/www/html/vendor/laravel/framework/src/Illuminate/Queue/CallQueuedHandler.php(125): Illuminate\\Bus\\Dispatcher->dispatchNow(Object(App\\Jobs\\CheckSolution), false)\n#22 /var/www/html/vendor/laravel/framework/src/Illuminate/Pipeline/Pipeline.php(169): Illuminate\\Queue\\CallQueuedHandler->Illuminate\\Queue\\{closure}(Object(App\\Jobs\\CheckSolution))\n#23 /var/www/html/vendor/laravel/framework/src/Illuminate/Pipeline/Pipeline.php(126): Illuminate\\Pipeline\\Pipeline->Illuminate\\Pipeline\\{closure}(Object(App\\Jobs\\CheckSolution))\n#24 /var/www/html/vendor/laravel/framework/src/Illuminate/Queue/CallQueuedHandler.php(120): Illuminate\\Pipeline\\Pipeline->then(Object(Closure))\n#25 /var/www/html/vendor/laravel/framework/src/Illuminate/Queue/CallQueuedHandler.php(68): Illuminate\\Queue\\CallQueuedHandler->dispatchThroughMiddleware(Object(Illuminate\\Queue\\Jobs\\RedisJob), Object(App\\Jobs\\CheckSolution))\n#26 /var/www/html/vendor/laravel/framework/src/Illuminate/Queue/Jobs/Job.php(102): Illuminate\\Queue\\CallQueuedHandler->call(Object(Illuminate\\Queue\\Jobs\\RedisJob), Array)\n#27 /var/www/html/vendor/laravel/framework/src/Illuminate/Queue/Worker.php(441): Illuminate\\Queue\\Jobs\\Job->fire()\n#28 /var/www/html/vendor/laravel/framework/src/Illuminate/Queue/Worker.php(391): Illuminate\\Queue\\Worker->process(\'redis\', Object(Illuminate\\Queue\\Jobs\\RedisJob), Object(Illuminate\\Queue\\WorkerOptions))\n#29 /var/www/html/vendor/laravel/framework/src/Illuminate/Queue/Worker.php(177): Illuminate\\Queue\\Worker->runJob(Object(Illuminate\\Queue\\Jobs\\RedisJob), \'redis\', Object(Illuminate\\Queue\\WorkerOptions))\n#30 /var/www/html/vendor/laravel/framework/src/Illuminate/Queue/Console/WorkCommand.php(148): Illuminate\\Queue\\Worker->daemon(\'redis\', \'solution-checks\', Object(Illuminate\\Queue\\WorkerOptions))\n#31 /var/www/html/vendor/laravel/framework/src/Illuminate/Queue/Console/WorkCommand.php(131): Illuminate\\Queue\\Console\\WorkCommand->runWorker(\'redis\', \'solution-checks\')\n#32 /var/www/html/vendor/laravel/framework/src/Illuminate/Container/BoundMethod.php(36): Illuminate\\Queue\\Console\\WorkCommand->handle()\n#33 /var/www/html/vendor/laravel/framework/src/Illuminate/Container/Util.php(43): Illuminate\\Container\\BoundMethod::Illuminate\\Container\\{closure}()\n#34 /var/www/html/vendor/laravel/framework/src/Illuminate/Container/BoundMethod.php(96): Illuminate\\Container\\Util::unwrapIfClosure(Object(Closure))\n#35 /var/www/html/vendor/laravel/framework/src/Illuminate/Container/BoundMethod.php(35): Illuminate\\Container\\BoundMethod::callBoundMethod(Object(Illuminate\\Foundation\\Application), Array, Object(Closure))\n#36 /var/www/html/vendor/laravel/framework/src/Illuminate/Container/Container.php(754): Illuminate\\Container\\BoundMethod::call(Object(Illuminate\\Foundation\\Application), Array, Array, NULL)\n#37 /var/www/html/vendor/laravel/framework/src/Illuminate/Console/Command.php(211): Illuminate\\Container\\Container->call(Array)\n#38 /var/www/html/vendor/symfony/console/Command/Command.php(279): Illuminate\\Console\\Command->execute(Object(Symfony\\Component\\Console\\Input\\ArgvInput), Object(Illuminate\\Console\\OutputStyle))\n#39 /var/www/html/vendor/laravel/framework/src/Illuminate/Console/Command.php(180): Symfony\\Component\\Console\\Command\\Command->run(Object(Symfony\\Component\\Console\\Input\\ArgvInput), Object(Illuminate\\Console\\OutputStyle))\n#40 /var/www/html/vendor/symfony/console/Application.php(1094): Illuminate\\Console\\Command->run(Object(Symfony\\Component\\Console\\Input\\ArgvInput), Object(Symfony\\Component\\Console\\Output\\ConsoleOutput))\n#41 /var/www/html/vendor/symfony/console/Application.php(342): Symfony\\Component\\Console\\Application->doRunCommand(Object(Illuminate\\Queue\\Console\\WorkCommand), Object(Symfony\\Component\\Console\\Input\\ArgvInput), Object(Symfony\\Component\\Console\\Output\\ConsoleOutput))\n#42 /var/www/html/vendor/symfony/console/Application.php(193): Symfony\\Component\\Console\\Application->doRun(Object(Symfony\\Component\\Console\\Input\\ArgvInput), Object(Symfony\\Component\\Console\\Output\\ConsoleOutput))\n#43 /var/www/html/vendor/laravel/framework/src/Illuminate/Foundation/Console/Kernel.php(197): Symfony\\Component\\Console\\Application->run(Object(Symfony\\Component\\Console\\Input\\ArgvInput), Object(Symfony\\Component\\Console\\Output\\ConsoleOutput))\n#44 /var/www/html/vendor/laravel/framework/src/Illuminate/Foundation/Application.php(1234): Illuminate\\Foundation\\Console\\Kernel->handle(Object(Symfony\\Component\\Console\\Input\\ArgvInput), Object(Symfony\\Component\\Console\\Output\\ConsoleOutput))\n#45 /var/www/html/artisan(16): Illuminate\\Foundation\\Application->handleCommand(Object(Symfony\\Component\\Console\\Input\\ArgvInput))\n#46 {main}, 2026-06-07 01:16:45))','task_error',1,0),(99,'2026-06-07 01:18:54','2026-06-07 01:26:21','SQLSTATE[23000]: Integrity constraint violation: 1062 Duplicate entry \'209c508c-77d1-46a9-9818-f7db2f360bb5\' for key \'failed_jobs.failed_jobs_uuid_unique\' (Connection: mysql, SQL: insert into `failed_jobs` (`uuid`, `connection`, `queue`, `payload`, `exception`, `failed_at`) values (209c508c-77d1-46a9-9818-f7db2f360bb5, redis, solution-checks, {\"uuid\":\"209c508c-77d1-46a9-9818-f7db2f360bb5\",\"displayName\":\"App\\\\Jobs\\\\CheckSolution\",\"job\":\"Illuminate\\\\Queue\\\\CallQueuedHandler@call\",\"maxTries\":null,\"maxExceptions\":null,\"failOnTimeout\":false,\"backoff\":null,\"timeout\":null,\"retryUntil\":null,\"data\":{\"commandName\":\"App\\\\Jobs\\\\CheckSolution\",\"command\":\"O:22:\\\"App\\\\Jobs\\\\CheckSolution\\\":4:{s:4:\\\"code\\\";s:87:\\\"# n = int(input())\\n\\n# n = int(input())\\n\\nn = int(input())\\n\\nwhile True:\\n    print(\\\"test\\\")\\\";s:6:\\\"taskId\\\";i:12;s:6:\\\"userId\\\";i:1;s:5:\\\"queue\\\";s:15:\\\"solution-checks\\\";}\"},\"createdAt\":1780795014,\"id\":\"209c508c-77d1-46a9-9818-f7db2f360bb5\",\"attempts\":0,\"delay\":null,\"type\":\"job\",\"tags\":[],\"silenced\":false,\"pushedAt\":\"1780795014.509\"}, Illuminate\\Queue\\TimeoutExceededException: App\\Jobs\\CheckSolution has timed out. in /var/www/html/vendor/laravel/framework/src/Illuminate/Queue/TimeoutExceededException.php:15\nStack trace:\n#0 /var/www/html/vendor/laravel/framework/src/Illuminate/Queue/Worker.php(804): Illuminate\\Queue\\TimeoutExceededException::forJob(Object(Illuminate\\Queue\\Jobs\\RedisJob))\n#1 /var/www/html/vendor/laravel/framework/src/Illuminate/Queue/Worker.php(218): Illuminate\\Queue\\Worker->timeoutExceededException(Object(Illuminate\\Queue\\Jobs\\RedisJob))\n#2 /var/www/html/vendor/symfony/process/Pipes/AbstractPipes.php(172): Illuminate\\Queue\\Worker->Illuminate\\Queue\\{closure}(14, Array)\n#3 [internal function]: Symfony\\Component\\Process\\Pipes\\AbstractPipes->handleError(2, \'stream_select()...\', \'/var/www/html/v...\', 100)\n#4 /var/www/html/vendor/symfony/process/Pipes/UnixPipes.php(100): stream_select(Array, NULL, Array, 0, 200000.0)\n#5 /var/www/html/vendor/symfony/process/Process.php(1406): Symfony\\Component\\Process\\Pipes\\UnixPipes->readAndWrite(true, true)\n#6 /var/www/html/vendor/symfony/process/Process.php(452): Symfony\\Component\\Process\\Process->readPipes(true, true)\n#7 /var/www/html/vendor/symfony/process/Process.php(251): Symfony\\Component\\Process\\Process->wait()\n#8 /var/www/html/app/Service/Task/CodeJudgeService.php(367): Symfony\\Component\\Process\\Process->run()\n#9 /var/www/html/app/Service/Task/CodeJudgeService.php(257): App\\Service\\Task\\CodeJudgeService->readContainerMemoryUsageMb(\'judge_dee44b69c...\')\n#10 /var/www/html/app/Service/Task/CodeJudgeService.php(54): App\\Service\\Task\\CodeJudgeService->runPython(Object(App\\Models\\Task\\Task), \'judge/runs/3f12...\', \'solution.py\', \'5\', 2.0)\n#11 /var/www/html/app/Jobs/CheckSolution.php(54): App\\Service\\Task\\CodeJudgeService->run(Object(App\\Models\\Task\\Task), \'# n = int(input...\')\n#12 /var/www/html/vendor/laravel/framework/src/Illuminate/Container/BoundMethod.php(36): App\\Jobs\\CheckSolution->handle()\n#13 /var/www/html/vendor/laravel/framework/src/Illuminate/Container/Util.php(43): Illuminate\\Container\\BoundMethod::Illuminate\\Container\\{closure}()\n#14 /var/www/html/vendor/laravel/framework/src/Illuminate/Container/BoundMethod.php(96): Illuminate\\Container\\Util::unwrapIfClosure(Object(Closure))\n#15 /var/www/html/vendor/laravel/framework/src/Illuminate/Container/BoundMethod.php(35): Illuminate\\Container\\BoundMethod::callBoundMethod(Object(Illuminate\\Foundation\\Application), Array, Object(Closure))\n#16 /var/www/html/vendor/laravel/framework/src/Illuminate/Container/Container.php(754): Illuminate\\Container\\BoundMethod::call(Object(Illuminate\\Foundation\\Application), Array, Array, NULL)\n#17 /var/www/html/vendor/laravel/framework/src/Illuminate/Bus/Dispatcher.php(132): Illuminate\\Container\\Container->call(Array)\n#18 /var/www/html/vendor/laravel/framework/src/Illuminate/Pipeline/Pipeline.php(169): Illuminate\\Bus\\Dispatcher->Illuminate\\Bus\\{closure}(Object(App\\Jobs\\CheckSolution))\n#19 /var/www/html/vendor/laravel/framework/src/Illuminate/Pipeline/Pipeline.php(126): Illuminate\\Pipeline\\Pipeline->Illuminate\\Pipeline\\{closure}(Object(App\\Jobs\\CheckSolution))\n#20 /var/www/html/vendor/laravel/framework/src/Illuminate/Bus/Dispatcher.php(136): Illuminate\\Pipeline\\Pipeline->then(Object(Closure))\n#21 /var/www/html/vendor/laravel/framework/src/Illuminate/Queue/CallQueuedHandler.php(125): Illuminate\\Bus\\Dispatcher->dispatchNow(Object(App\\Jobs\\CheckSolution), false)\n#22 /var/www/html/vendor/laravel/framework/src/Illuminate/Pipeline/Pipeline.php(169): Illuminate\\Queue\\CallQueuedHandler->Illuminate\\Queue\\{closure}(Object(App\\Jobs\\CheckSolution))\n#23 /var/www/html/vendor/laravel/framework/src/Illuminate/Pipeline/Pipeline.php(126): Illuminate\\Pipeline\\Pipeline->Illuminate\\Pipeline\\{closure}(Object(App\\Jobs\\CheckSolution))\n#24 /var/www/html/vendor/laravel/framework/src/Illuminate/Queue/CallQueuedHandler.php(120): Illuminate\\Pipeline\\Pipeline->then(Object(Closure))\n#25 /var/www/html/vendor/laravel/framework/src/Illuminate/Queue/CallQueuedHandler.php(68): Illuminate\\Queue\\CallQueuedHandler->dispatchThroughMiddleware(Object(Illuminate\\Queue\\Jobs\\RedisJob), Object(App\\Jobs\\CheckSolution))\n#26 /var/www/html/vendor/laravel/framework/src/Illuminate/Queue/Jobs/Job.php(102): Illuminate\\Queue\\CallQueuedHandler->call(Object(Illuminate\\Queue\\Jobs\\RedisJob), Array)\n#27 /var/www/html/vendor/laravel/framework/src/Illuminate/Queue/Worker.php(441): Illuminate\\Queue\\Jobs\\Job->fire()\n#28 /var/www/html/vendor/laravel/framework/src/Illuminate/Queue/Worker.php(391): Illuminate\\Queue\\Worker->process(\'redis\', Object(Illuminate\\Queue\\Jobs\\RedisJob), Object(Illuminate\\Queue\\WorkerOptions))\n#29 /var/www/html/vendor/laravel/framework/src/Illuminate/Queue/Worker.php(177): Illuminate\\Queue\\Worker->runJob(Object(Illuminate\\Queue\\Jobs\\RedisJob), \'redis\', Object(Illuminate\\Queue\\WorkerOptions))\n#30 /var/www/html/vendor/laravel/framework/src/Illuminate/Queue/Console/WorkCommand.php(148): Illuminate\\Queue\\Worker->daemon(\'redis\', \'solution-checks\', Object(Illuminate\\Queue\\WorkerOptions))\n#31 /var/www/html/vendor/laravel/framework/src/Illuminate/Queue/Console/WorkCommand.php(131): Illuminate\\Queue\\Console\\WorkCommand->runWorker(\'redis\', \'solution-checks\')\n#32 /var/www/html/vendor/laravel/framework/src/Illuminate/Container/BoundMethod.php(36): Illuminate\\Queue\\Console\\WorkCommand->handle()\n#33 /var/www/html/vendor/laravel/framework/src/Illuminate/Container/Util.php(43): Illuminate\\Container\\BoundMethod::Illuminate\\Container\\{closure}()\n#34 /var/www/html/vendor/laravel/framework/src/Illuminate/Container/BoundMethod.php(96): Illuminate\\Container\\Util::unwrapIfClosure(Object(Closure))\n#35 /var/www/html/vendor/laravel/framework/src/Illuminate/Container/BoundMethod.php(35): Illuminate\\Container\\BoundMethod::callBoundMethod(Object(Illuminate\\Foundation\\Application), Array, Object(Closure))\n#36 /var/www/html/vendor/laravel/framework/src/Illuminate/Container/Container.php(754): Illuminate\\Container\\BoundMethod::call(Object(Illuminate\\Foundation\\Application), Array, Array, NULL)\n#37 /var/www/html/vendor/laravel/framework/src/Illuminate/Console/Command.php(211): Illuminate\\Container\\Container->call(Array)\n#38 /var/www/html/vendor/symfony/console/Command/Command.php(279): Illuminate\\Console\\Command->execute(Object(Symfony\\Component\\Console\\Input\\ArgvInput), Object(Illuminate\\Console\\OutputStyle))\n#39 /var/www/html/vendor/laravel/framework/src/Illuminate/Console/Command.php(180): Symfony\\Component\\Console\\Command\\Command->run(Object(Symfony\\Component\\Console\\Input\\ArgvInput), Object(Illuminate\\Console\\OutputStyle))\n#40 /var/www/html/vendor/symfony/console/Application.php(1094): Illuminate\\Console\\Command->run(Object(Symfony\\Component\\Console\\Input\\ArgvInput), Object(Symfony\\Component\\Console\\Output\\ConsoleOutput))\n#41 /var/www/html/vendor/symfony/console/Application.php(342): Symfony\\Component\\Console\\Application->doRunCommand(Object(Illuminate\\Queue\\Console\\WorkCommand), Object(Symfony\\Component\\Console\\Input\\ArgvInput), Object(Symfony\\Component\\Console\\Output\\ConsoleOutput))\n#42 /var/www/html/vendor/symfony/console/Application.php(193): Symfony\\Component\\Console\\Application->doRun(Object(Symfony\\Component\\Console\\Input\\ArgvInput), Object(Symfony\\Component\\Console\\Output\\ConsoleOutput))\n#43 /var/www/html/vendor/laravel/framework/src/Illuminate/Foundation/Console/Kernel.php(197): Symfony\\Component\\Console\\Application->run(Object(Symfony\\Component\\Console\\Input\\ArgvInput), Object(Symfony\\Component\\Console\\Output\\ConsoleOutput))\n#44 /var/www/html/vendor/laravel/framework/src/Illuminate/Foundation/Application.php(1234): Illuminate\\Foundation\\Console\\Kernel->handle(Object(Symfony\\Component\\Console\\Input\\ArgvInput), Object(Symfony\\Component\\Console\\Output\\ConsoleOutput))\n#45 /var/www/html/artisan(16): Illuminate\\Foundation\\Application->handleCommand(Object(Symfony\\Component\\Console\\Input\\ArgvInput))\n#46 {main}, 2026-06-07 01:18:54))','task_error',1,0),(100,'2026-06-07 01:34:26','2026-06-07 01:34:26','<p><a href=\"/task/solution/13\">Перейти к задаче</a> - Превышен лимит вывода на тесте 1. Проверьте, нет ли бесконечного print или слишком большого вывода.</p>\n','task_error',1,0),(101,'2026-06-07 01:34:46','2026-06-07 01:34:47','<p><a href=\"/task/solution/13\">Перейти к задаче</a> - Превышен лимит вывода на тесте 1. Проверьте, нет ли бесконечного print или слишком большого вывода.</p>\n','task_error',1,0),(102,'2026-06-07 01:35:08','2026-06-07 01:35:09','<p><a href=\"/task/solution/13\">Перейти к задаче</a> - Превышен лимит вывода на тесте 1. Проверьте, нет ли бесконечного print или слишком большого вывода.</p>\n','task_error',1,0),(103,'2026-06-07 01:35:20','2026-06-07 01:35:21','<p><a href=\"/task/solution/13\">Перейти к задаче</a> - Неправильный ответ на тесте 1</p>\n','task_error',1,0),(104,'2026-06-07 01:35:35','2026-06-07 01:35:35','<p><a href=\"/task/solution/13\">Последняя цифра числа</a> - Задача выполнена</p>\n','task_success',1,0),(105,'2026-06-07 01:35:43','2026-06-07 01:35:43','<p><a href=\"/task/solution/13\">Последняя цифра числа</a> - Задача выполнена</p>\n','task_success',1,0),(106,'2026-06-07 01:35:50','2026-06-07 01:35:50','<p><a href=\"/task/solution/13\">Перейти к задаче</a> - Превышен лимит памяти на тесте 1</p>\n','task_error',1,0),(107,'2026-06-07 04:55:19','2026-06-07 05:00:09','<p><a href=\"/task/solution/7\">A + B</a> - Задача выполнена</p>\n','task_success',1,0),(108,'2026-06-07 04:56:02','2026-06-07 05:00:09','<p><a href=\"/task/solution/8\">Четное число</a> - Задача выполнена</p>\n','task_success',1,0),(109,'2026-06-07 04:56:47','2026-06-07 05:00:10','<p><a href=\"/task/solution/9\">Большее из двух чисел</a> - Задача выполнена</p>\n','task_success',1,0),(110,'2026-06-07 04:57:03','2026-06-07 05:00:10','<p><a href=\"/task/solution/9\">Большее из двух чисел</a> - Задача выполнена</p>\n','task_success',1,0),(111,'2026-06-07 04:57:16','2026-06-07 05:00:11','<p><a href=\"/task/solution/9\">Большее из двух чисел</a> - Задача выполнена</p>\n','task_success',1,0),(112,'2026-06-07 04:57:24','2026-06-07 05:00:13','<p><a href=\"/task/solution/9\">Перейти к задаче</a> - Превышен лимит памяти на тесте 1</p>\n','task_error',1,0),(113,'2026-06-07 04:57:37','2026-06-07 05:00:13','<p><a href=\"/task/solution/9\">Большее из двух чисел</a> - Задача выполнена</p>\n','task_success',1,0),(114,'2026-06-07 06:05:54','2026-06-07 06:05:54','<p><a href=\"/task/solution/9\">Большее из двух чисел</a> - Задача выполнена</p>\n','task_success',1,0),(115,'2026-06-07 06:06:22','2026-06-07 06:06:22','<p><a href=\"/task/solution/9\">Большее из двух чисел</a> - Задача выполнена</p>\n','task_success',1,0),(116,'2026-06-07 06:06:30','2026-06-07 06:06:30','<p><a href=\"/task/solution/9\">Большее из двух чисел</a> - Задача выполнена</p>\n','task_success',1,0),(117,'2026-06-07 06:14:59','2026-06-07 06:14:59','<p><a href=\"/task/solution/9\">Большее из двух чисел</a> - Задача выполнена</p>\n','task_success',1,0),(118,'2026-06-07 06:15:12','2026-06-07 06:15:13','<p><a href=\"/task/solution/9\">Большее из двух чисел</a> - Задача выполнена</p>\n','task_success',1,0),(119,'2026-06-07 06:15:29','2026-06-07 06:15:29','<p><a href=\"/task/solution/9\">Большее из двух чисел</a> - Задача выполнена</p>\n','task_success',1,0),(120,'2026-06-07 06:15:37','2026-06-07 06:15:37','<p><a href=\"/task/solution/9\">Большее из двух чисел</a> - Задача выполнена</p>\n','task_success',1,0),(121,'2026-06-07 06:15:46','2026-06-07 06:15:46','<p><a href=\"/task/solution/9\">Большее из двух чисел</a> - Задача выполнена</p>\n','task_success',1,0),(122,'2026-06-07 06:15:54','2026-06-07 06:15:54','<p><a href=\"/task/solution/9\">Большее из двух чисел</a> - Задача выполнена</p>\n','task_success',1,0),(123,'2026-06-07 06:16:02','2026-06-07 06:16:02','<p><a href=\"/task/solution/9\">Большее из двух чисел</a> - Задача выполнена</p>\n','task_success',1,0),(124,'2026-06-07 06:16:42','2026-06-07 06:16:42','<p><a href=\"/task/solution/11\">Перейти к задаче</a> - Неправильный ответ на тесте 1</p>\n','task_error',1,0),(125,'2026-06-07 06:16:52','2026-06-07 06:16:52','<p><a href=\"/task/solution/11\">Количество положительных чисел</a> - Задача выполнена</p>\n','task_success',1,0),(126,'2026-06-07 06:17:34','2026-06-07 06:17:34','<p><a href=\"/task/solution/11\">Количество положительных чисел</a> - Задача выполнена</p>\n','task_success',1,0),(127,'2026-06-07 14:51:32','2026-06-07 14:51:32','<p><a href=\"/task/solution/12\">Сумма чисел от 1 до N</a> - Задача выполнена</p>\n','task_success',1,0),(128,'2026-06-07 23:54:43','2026-06-07 23:54:43','<p><a href=\"/task/solution/7\">A + B</a> - Задача выполнена</p>\n','task_success',1,0),(129,'2026-06-07 23:55:16','2026-06-07 23:55:16','<p><a href=\"/task/solution/8\">Четное число</a> - Задача выполнена</p>\n','task_success',1,0),(130,'2026-06-07 23:57:03','2026-06-07 23:57:04','<p><a href=\"/task/solution/17\">Перейти к задаче</a> - Traceback (most recent call last):\nFile &quot;/var/www/html/storage/app/private/judge/runs/29875d04-d29e-4bf9-8a7e-3f82e0335909/solution.py&quot;, line 4, in <module>\nprint(strs[0])\n~~~~^^^\nTypeError: \'NoneType\' object is not subscriptableCommand exited with non-zero status 1</p>\n','task_error',1,0),(131,'2026-06-07 23:58:00','2026-06-07 23:58:01','<p><a href=\"/task/solution/17\">Перейти к задаче</a> - Traceback (most recent call last):\nFile &quot;/var/www/html/storage/app/private/judge/runs/ec6966ac-3108-4de8-b5bc-d45ad6ce5eae/solution.py&quot;, line 4, in <module>\nprint(strs[0])\n~~~~^^^\nTypeError: \'NoneType\' object is not subscriptableCommand exited with non-zero status 1</p>\n','task_error',1,0),(132,'2026-06-07 23:58:59','2026-06-07 23:58:59','<p><a href=\"/task/solution/17\">Перейти к задаче</a> - Traceback (most recent call last):\nFile &quot;/var/www/html/storage/app/private/judge/runs/1d3a3ec4-1f0e-4f8b-bab4-cc2aed4a8448/solution.py&quot;, line 3, in <module>\nprint(strs[0])\n~~~~^^^\nTypeError: \'NoneType\' object is not subscriptableCommand exited with non-zero status 1</p>\n','task_error',1,0),(133,'2026-06-08 00:06:21','2026-06-08 00:06:21','<p><a href=\"/task/solution/17\">Перейти к задаче</a> - Traceback (most recent call last):\nFile &quot;/var/www/html/storage/app/private/judge/runs/af258e7a-0a30-4949-b730-2a860d19d668/solution.py&quot;, line 3, in <module>\nprint(strs[0])\n~~~~^^^\nTypeError: \'NoneType\' object is not subscriptableCommand exited with non-zero status 1</p>\n','task_error',1,0),(134,'2026-06-08 00:10:28','2026-06-08 00:10:28','<p><a href=\"/task/solution/17\">Перейти к задаче</a> - Неправильный ответ на тесте 1</p>\n','task_error',1,0),(135,'2026-06-08 00:10:54','2026-06-08 00:10:54','<p><a href=\"/task/solution/17\">Перейти к задаче</a> - Traceback (most recent call last):\nFile &quot;/var/www/html/storage/app/private/judge/runs/55c4e523-1725-48c9-8c21-b37fcdc33957/solution.py&quot;, line 2, in <module>\nstrs = input().split()\n^^^^^^^\nEOFError: EOF when reading a lineCommand exited with non-zero status 1</p>\n','task_error',1,0),(136,'2026-06-08 00:13:28','2026-06-08 00:13:28','<p><a href=\"/task/solution/17\">Перейти к задаче</a> - Неправильный ответ на тесте 5</p>\n','task_error',1,0),(137,'2026-06-08 00:15:35','2026-06-08 00:15:35','<p><a href=\"/task/solution/17\">Перейти к задаче</a> - Traceback (most recent call last):\nFile &quot;/var/www/html/storage/app/private/judge/runs/355d3c6f-2515-46d1-88e5-b7eb72065203/solution.py&quot;, line 1, in <module>\ns\nNameError: name \'s\' is not definedCommand exited with non-zero status 1</p>\n','task_error',1,0),(138,'2026-06-08 00:23:51','2026-06-08 00:23:51','<p><a href=\"/task/solution/17\">Перейти к задаче</a> - Неправильный ответ на тесте 5</p>\n','task_error',1,0),(139,'2026-06-08 00:25:08','2026-06-08 00:25:08','<p><a href=\"/task/solution/17\">Перейти к задаче</a> - Неправильный ответ на тесте 1</p>\n','task_error',1,0),(140,'2026-06-08 00:38:46','2026-06-08 00:38:46','<p><a href=\"/task/solution/17\">Перейти к задаче</a> - Неправильный ответ на тесте 1</p>\n','task_error',1,0),(141,'2026-06-08 00:39:26','2026-06-08 00:39:26','<p><a href=\"/task/solution/17\">Перейти к задаче</a> - Неправильный ответ на тесте 1</p>\n','task_error',1,0),(142,'2026-06-08 01:32:04','2026-06-08 01:32:04','<p><a href=\"/task/solution/17\">Перейти к задаче</a> - Неправильный ответ на тесте 5</p>\n','task_error',1,0),(143,'2026-06-08 02:48:36','2026-06-08 02:48:36','<p><a href=\"/task/solution/17\">Перейти к задаче</a> - Неправильный ответ на тесте 1</p>\n','task_error',1,0),(144,'2026-06-08 02:52:59','2026-06-08 02:52:59','<p><a href=\"/task/solution/17\">Самое короткое слово</a> - Задача выполнена</p>\n','task_success',1,0),(145,'2026-06-08 02:57:24','2026-06-08 02:57:24','<p><a href=\"/task/solution/7\">A + B</a> - Задача выполнена</p>\n','task_success',1,0),(146,'2026-06-08 09:58:53','2026-06-08 09:58:53','<p><a href=\"/task/solution/9\">Перейти к задаче</a> - Неправильный ответ на тесте 1</p>\n','task_error',1,0),(147,'2026-06-08 10:05:52','2026-06-08 10:05:53','<p><a href=\"/task/solution/9\">Перейти к задаче</a> - Неправильный ответ на тесте 1</p>\n','task_error',1,0),(148,'2026-06-08 10:08:16','2026-06-08 10:08:16','<p><a href=\"/task/solution/9\">Перейти к задаче</a> - Неправильный ответ на тесте 1</p>\n','task_error',1,0),(149,'2026-06-08 10:23:43','2026-06-08 10:23:43','<p><a href=\"/task/solution/9\">Перейти к задаче</a> - Неправильный ответ на тесте 1</p>\n','task_error',1,0);
/*!40000 ALTER TABLE `notification` ENABLE KEYS */;
UNLOCK TABLES;

--
-- Table structure for table `password_reset_tokens`
--

DROP TABLE IF EXISTS `password_reset_tokens`;
/*!40101 SET @saved_cs_client     = @@character_set_client */;
/*!50503 SET character_set_client = utf8mb4 */;
CREATE TABLE `password_reset_tokens` (
  `email` varchar(255) COLLATE utf8mb4_unicode_ci NOT NULL,
  `token` varchar(255) COLLATE utf8mb4_unicode_ci NOT NULL,
  `created_at` timestamp NULL DEFAULT NULL,
  PRIMARY KEY (`email`)
) ENGINE=InnoDB DEFAULT CHARSET=utf8mb4 COLLATE=utf8mb4_unicode_ci;
/*!40101 SET character_set_client = @saved_cs_client */;

--
-- Dumping data for table `password_reset_tokens`
--

LOCK TABLES `password_reset_tokens` WRITE;
/*!40000 ALTER TABLE `password_reset_tokens` DISABLE KEYS */;
/*!40000 ALTER TABLE `password_reset_tokens` ENABLE KEYS */;
UNLOCK TABLES;

--
-- Table structure for table `personal_access_tokens`
--

DROP TABLE IF EXISTS `personal_access_tokens`;
/*!40101 SET @saved_cs_client     = @@character_set_client */;
/*!50503 SET character_set_client = utf8mb4 */;
CREATE TABLE `personal_access_tokens` (
  `id` bigint unsigned NOT NULL AUTO_INCREMENT,
  `tokenable_type` varchar(255) COLLATE utf8mb4_unicode_ci NOT NULL,
  `tokenable_id` bigint unsigned NOT NULL,
  `name` varchar(255) COLLATE utf8mb4_unicode_ci NOT NULL,
  `token` varchar(64) COLLATE utf8mb4_unicode_ci NOT NULL,
  `abilities` text COLLATE utf8mb4_unicode_ci,
  `last_used_at` timestamp NULL DEFAULT NULL,
  `expires_at` timestamp NULL DEFAULT NULL,
  `created_at` timestamp NULL DEFAULT NULL,
  `updated_at` timestamp NULL DEFAULT NULL,
  PRIMARY KEY (`id`),
  UNIQUE KEY `personal_access_tokens_token_unique` (`token`),
  KEY `personal_access_tokens_tokenable_type_tokenable_id_index` (`tokenable_type`,`tokenable_id`)
) ENGINE=InnoDB DEFAULT CHARSET=utf8mb4 COLLATE=utf8mb4_unicode_ci;
/*!40101 SET character_set_client = @saved_cs_client */;

--
-- Dumping data for table `personal_access_tokens`
--

LOCK TABLES `personal_access_tokens` WRITE;
/*!40000 ALTER TABLE `personal_access_tokens` DISABLE KEYS */;
/*!40000 ALTER TABLE `personal_access_tokens` ENABLE KEYS */;
UNLOCK TABLES;

--
-- Table structure for table `sessions`
--

DROP TABLE IF EXISTS `sessions`;
/*!40101 SET @saved_cs_client     = @@character_set_client */;
/*!50503 SET character_set_client = utf8mb4 */;
CREATE TABLE `sessions` (
  `id` varchar(255) COLLATE utf8mb4_unicode_ci NOT NULL,
  `user_id` bigint unsigned DEFAULT NULL,
  `ip_address` varchar(45) COLLATE utf8mb4_unicode_ci DEFAULT NULL,
  `user_agent` text COLLATE utf8mb4_unicode_ci,
  `payload` longtext COLLATE utf8mb4_unicode_ci NOT NULL,
  `last_activity` int NOT NULL,
  PRIMARY KEY (`id`),
  KEY `sessions_user_id_index` (`user_id`),
  KEY `sessions_last_activity_index` (`last_activity`)
) ENGINE=InnoDB DEFAULT CHARSET=utf8mb4 COLLATE=utf8mb4_unicode_ci;
/*!40101 SET character_set_client = @saved_cs_client */;

--
-- Dumping data for table `sessions`
--

LOCK TABLES `sessions` WRITE;
/*!40000 ALTER TABLE `sessions` DISABLE KEYS */;
/*!40000 ALTER TABLE `sessions` ENABLE KEYS */;
UNLOCK TABLES;

--
-- Table structure for table `task`
--

DROP TABLE IF EXISTS `task`;
/*!40101 SET @saved_cs_client     = @@character_set_client */;
/*!50503 SET character_set_client = utf8mb4 */;
CREATE TABLE `task` (
  `id` bigint unsigned NOT NULL AUTO_INCREMENT,
  `created_at` timestamp NULL DEFAULT NULL,
  `updated_at` timestamp NULL DEFAULT NULL,
  `title` varchar(255) COLLATE utf8mb4_unicode_ci NOT NULL,
  `time_limit_s` decimal(8,3) DEFAULT NULL,
  `memory_limit_mb` bigint unsigned DEFAULT NULL,
  `description` text COLLATE utf8mb4_unicode_ci,
  `reference_solution` longtext COLLATE utf8mb4_unicode_ci,
  `starter_code` longtext COLLATE utf8mb4_unicode_ci,
  `rating` smallint unsigned NOT NULL DEFAULT '1200',
  `example` text COLLATE utf8mb4_unicode_ci,
  `is_public` tinyint(1) NOT NULL DEFAULT '1',
  `runner_file_path` text COLLATE utf8mb4_unicode_ci,
  `checker_file_path` text COLLATE utf8mb4_unicode_ci,
  `environment_id` bigint unsigned DEFAULT NULL,
  `tests` json NOT NULL,
  PRIMARY KEY (`id`),
  KEY `task_environment_id_foreign` (`environment_id`),
  CONSTRAINT `task_environment_id_foreign` FOREIGN KEY (`environment_id`) REFERENCES `environment` (`id`) ON DELETE RESTRICT
) ENGINE=InnoDB AUTO_INCREMENT=18 DEFAULT CHARSET=utf8mb4 COLLATE=utf8mb4_unicode_ci;
/*!40101 SET character_set_client = @saved_cs_client */;

--
-- Dumping data for table `task`
--

LOCK TABLES `task` WRITE;
/*!40000 ALTER TABLE `task` DISABLE KEYS */;
INSERT INTO `task` VALUES (7,'2026-06-01 16:44:46','2026-06-02 02:08:01','A + B',2.000,128,'Вводятся два целых числа, каждое с новой строки. Нужно вывести их сумму.','a = int(input())\r\nb = int(input())\r\n\r\nprint(a + b)','# a = int(input())\r\n# b = int(input())',800,'**Вход:**\r\n2\r\n3\r\n**Выход:**\r\n5',1,NULL,NULL,1,'{\"tests\": [{\"input\": \"5\\n6\", \"number\": 1, \"public\": true, \"expected\": \"11\"}, {\"input\": \"10\\n15\", \"number\": 2, \"public\": true, \"expected\": \"25\"}, {\"input\": \"-3\\n7\", \"number\": 3, \"public\": false, \"expected\": \"4\"}, {\"input\": \"0\\n0\", \"number\": 4, \"public\": false, \"expected\": \"0\"}, {\"input\": \"100\\n-50\", \"number\": 5, \"public\": false, \"expected\": \"50\"}]}'),(8,'2026-06-01 17:07:43','2026-06-01 17:07:43','Четное число',2.000,128,'Дано целое число ```n```. Определите, является ли оно четным. Если число четное, выведите ***YES***, иначе выведите ***NO***.','n = int(input())\r\nif n % 2 == 0:\r\n    print(\'YES\')\r\nelse:\r\n    print(\'NO\')','# n = int(input())',800,'**Вход:**\r\n12\r\n**Выход:**\r\nYES\r\n\r\n**Вход:**\r\n11\r\n**Выход:**\r\nNO',1,NULL,NULL,1,'{\"tests\": [{\"input\": \"8\", \"number\": 1, \"public\": true, \"expected\": \"YES\"}, {\"input\": \"7\", \"number\": 2, \"public\": true, \"expected\": \"NO\"}, {\"input\": \"0\", \"number\": 3, \"public\": false, \"expected\": \"YES\"}, {\"input\": \"-4\", \"number\": 4, \"public\": false, \"expected\": \"YES\"}, {\"input\": \"-9\", \"number\": 5, \"public\": false, \"expected\": \"NO\"}]}'),(9,'2026-06-01 17:10:14','2026-06-01 17:10:14','Большее из двух чисел',2.000,128,'Даны два целых числа ```a``` и ```b```. Напишите программу, которая выводит большее из них. Если числа равны, выведите любое из них.','a = int(input())\r\nb = int(input())\r\n\r\nprint(max(a,b))','# a = int(input())\r\n# b = int(input())',800,'**Вход:**\r\n2\r\n3\r\n**Выход:**\r\n3 \r\n\r\n**Вход:**\r\n-10\r\n12\r\n**Выход:**\r\n12',1,NULL,NULL,1,'{\"tests\": [{\"input\": \"12\\n7\", \"number\": 1, \"public\": true, \"expected\": \"12\"}, {\"input\": \"3\\n9\", \"number\": 2, \"public\": true, \"expected\": \"9\"}, {\"input\": \"5\\n5\", \"number\": 3, \"public\": false, \"expected\": \"5\"}, {\"input\": \"-2\\n-8\", \"number\": 4, \"public\": false, \"expected\": \"-2\"}, {\"input\": \"0\\n-1\", \"number\": 5, \"public\": false, \"expected\": \"0\"}]}'),(11,'2026-06-01 17:15:01','2026-06-01 17:15:01','Количество положительных чисел',2.000,128,'Дан список из целых чисел. Нужно посчитать, сколько чисел в списке являются положительными. Положительным считается число, которое больше нуля.\r\n\r\n***Входные данные***\r\n\r\nВ первой строке вводится число ```n``` — количество элементов списка.\r\nВо второй строке вводятся ```n``` целых чисел через пробел.\r\n\r\n***Выходные данные***\r\n\r\nВыведите количество положительных чисел.','n = int(input())\r\narr = list(map(int, input().split()))\r\n\r\ncount = 0\r\nfor i in range(len(arr)):\r\n    if 0 < arr[i]:\r\n        count += 1\r\n\r\nprint(count)','# n = int(input())\r\n# arr = list(map(int, input().split()))',800,'**Вход:**\r\n3\r\n1 2 3\r\n**Выход:**\r\n3\r\n\r\n**Вход:**\r\n3\r\n-1 -2 -3\r\n**Выход:**\r\n0',1,NULL,NULL,1,'{\"tests\": [{\"input\": \"5\\n-2 4 0 7 -1\", \"number\": 1, \"public\": true, \"expected\": \"2\"}, {\"input\": \"4\\n1 2 3 4\", \"number\": 2, \"public\": true, \"expected\": \"4\"}, {\"input\": \"3\\n-1 -2 -3\", \"number\": 3, \"public\": false, \"expected\": \"0\"}, {\"input\": \"5\\n0 0 0 0 0\", \"number\": 4, \"public\": false, \"expected\": \"0\"}, {\"input\": \"6\\n10 -5 3 -1 8 0\", \"number\": 5, \"public\": false, \"expected\": \"3\"}]}'),(12,'2026-06-01 17:17:09','2026-06-01 17:17:09','Сумма чисел от 1 до N',2.000,128,'Дано натуральное число ```n```. Напишите программу, которая вычисляет сумму всех чисел от 1 до ```n```.','n = int(input())\r\n\r\nsum = 0\r\nfor i in range(n + 1):\r\n    sum += i\r\n\r\nprint(sum)','# n = int(input())',800,'**Вход:**\r\n5\r\n**Выход:**\r\n15',1,NULL,NULL,1,'{\"tests\": [{\"input\": \"5\", \"number\": 1, \"public\": true, \"expected\": \"15\"}, {\"input\": \"1\", \"number\": 2, \"public\": true, \"expected\": \"1\"}, {\"input\": \"10\", \"number\": 3, \"public\": false, \"expected\": \"55\"}, {\"input\": \"100\", \"number\": 4, \"public\": false, \"expected\": \"5050\"}, {\"input\": \"50\", \"number\": 5, \"public\": false, \"expected\": \"1275\"}]}'),(13,'2026-06-02 01:10:07','2026-06-02 01:10:07','Последняя цифра числа',2.000,128,'Дано неотрицательное целое число ```n```. Напишите программу, которая выводит последнюю цифру этого числа.','n = int(input())\r\n\r\nprint(n % 10)','# n = int(input())',800,'**Вход:**\r\n2\r\n**Выход:**\r\n2\r\n\r\n**Вход:**\r\n10\r\n**Выход:**\r\n0\r\n\r\n**Вход:**\r\n11231\r\n**Выход:**\r\n1',1,NULL,NULL,1,'{\"tests\": [{\"input\": \"123\", \"number\": 1, \"public\": true, \"expected\": \"3\"}, {\"input\": \"45\", \"number\": 2, \"public\": true, \"expected\": \"5\"}, {\"input\": \"100\", \"number\": 3, \"public\": false, \"expected\": \"0\"}, {\"input\": \"7\", \"number\": 4, \"public\": false, \"expected\": \"7\"}, {\"input\": \"0\", \"number\": 5, \"public\": false, \"expected\": \"0\"}]}'),(15,'2026-06-02 01:15:25','2026-06-02 01:15:25','Сколько раз встречается число',1.000,128,'Дан список из ```n``` целых чисел и число ```x```. Нужно определить, сколько раз число x встречается в списке.\r\n\r\n***Входные данные***\r\nВ первой строке вводится число ```n```.\r\nВо второй строке вводятся ```n``` целых чисел через пробел.\r\nВ третьей строке вводится число ```x```.\r\n\r\n***Выходные данные***\r\nВыведите количество элементов списка, равных ```x```.','n = int(input())\r\narr = list(map(int, input().split()))\r\nx = int(input())\r\n\r\ncount = 0\r\nfor i in range(len(arr)):\r\n    if arr[i] == x:\r\n        count += 1\r\n\r\nprint(count)','# n = int(input())\r\n# arr = list(map(int, input().split()))\r\n# x = int(input())',800,'**Вход:**\r\n5\r\n1 2 3 2 4\r\n2\r\n**Выход:**\r\n2',1,NULL,NULL,1,'{\"tests\": [{\"input\": \"5\\n1 2 3 2 4\\n2\", \"number\": 1, \"public\": true, \"expected\": \"2\"}, {\"input\": \"4\\n1 1 1 1\\n1\", \"number\": 2, \"public\": true, \"expected\": \"4\"}, {\"input\": \"5\\n1 2 3 4 5\\n6\", \"number\": 3, \"public\": false, \"expected\": \"0\"}, {\"input\": \"6\\n0 -1 0 2 0 3\\n0\", \"number\": 4, \"public\": false, \"expected\": \"3\"}, {\"input\": \"1\\n10\\n10\", \"number\": 5, \"public\": false, \"expected\": \"1\"}]}'),(17,'2026-06-02 01:21:02','2026-06-02 01:21:02','Самое короткое слово',2.000,128,'Дана строка, состоящая из слов, разделенных пробелами. Нужно вывести самое короткое слово. Если таких слов несколько, выведите первое из них.','str = input()\r\nstrs = str.split()\r\n\r\nmin_str = strs[0]\r\nfor i in range(len(strs)):\r\n    if len(strs[i]) < len(min_str):\r\n        min_str = strs[i]\r\n\r\nprint(min_str)','# str = input()',800,'**Вход:**\r\npython is very simple\r\n**Выход:**\r\nis',1,NULL,NULL,1,'{\"tests\": [{\"input\": \"python is very simple\", \"number\": 1, \"public\": true, \"expected\": \"is\"}, {\"input\": \"one two three\", \"number\": 2, \"public\": true, \"expected\": \"one\"}, {\"input\": \"hello world\", \"number\": 3, \"public\": false, \"expected\": \"hello\"}, {\"input\": \"a bb ccc dddd\", \"number\": 4, \"public\": false, \"expected\": \"a\"}, {\"input\": \"school programming task\", \"number\": 5, \"public\": false, \"expected\": \"task\"}, {\"input\": \"test\", \"number\": 6, \"public\": false, \"expected\": \"test\"}]}');
/*!40000 ALTER TABLE `task` ENABLE KEYS */;
UNLOCK TABLES;

--
-- Table structure for table `task_category`
--

DROP TABLE IF EXISTS `task_category`;
/*!40101 SET @saved_cs_client     = @@character_set_client */;
/*!50503 SET character_set_client = utf8mb4 */;
CREATE TABLE `task_category` (
  `id` bigint unsigned NOT NULL AUTO_INCREMENT,
  `created_at` timestamp NULL DEFAULT NULL,
  `updated_at` timestamp NULL DEFAULT NULL,
  `name` varchar(255) COLLATE utf8mb4_unicode_ci NOT NULL,
  `slug` varchar(255) COLLATE utf8mb4_unicode_ci NOT NULL,
  PRIMARY KEY (`id`),
  UNIQUE KEY `task_category_name_unique` (`name`),
  UNIQUE KEY `task_category_slug_unique` (`slug`)
) ENGINE=InnoDB AUTO_INCREMENT=8 DEFAULT CHARSET=utf8mb4 COLLATE=utf8mb4_unicode_ci;
/*!40101 SET character_set_client = @saved_cs_client */;

--
-- Dumping data for table `task_category`
--

LOCK TABLES `task_category` WRITE;
/*!40000 ALTER TABLE `task_category` DISABLE KEYS */;
INSERT INTO `task_category` VALUES (1,NULL,NULL,'массивы','massivy'),(2,NULL,NULL,'два указателя','dva-ukazatelya'),(3,NULL,NULL,'строки','stroki'),(4,NULL,NULL,'динамическое программирование','dinamicheskoe-programmirovanie'),(5,NULL,NULL,'графы','grafy'),(6,'2026-06-01 16:00:35','2026-06-01 16:00:35','функции','funkcii'),(7,'2026-06-01 17:07:52','2026-06-01 17:07:52','математика','matematika');
/*!40000 ALTER TABLE `task_category` ENABLE KEYS */;
UNLOCK TABLES;

--
-- Table structure for table `task_category_task`
--

DROP TABLE IF EXISTS `task_category_task`;
/*!40101 SET @saved_cs_client     = @@character_set_client */;
/*!50503 SET character_set_client = utf8mb4 */;
CREATE TABLE `task_category_task` (
  `id` bigint unsigned NOT NULL AUTO_INCREMENT,
  `created_at` timestamp NULL DEFAULT NULL,
  `updated_at` timestamp NULL DEFAULT NULL,
  `task_id` bigint unsigned NOT NULL,
  `category_id` bigint unsigned NOT NULL,
  PRIMARY KEY (`id`),
  UNIQUE KEY `task_category_task_task_id_category_id_unique` (`task_id`,`category_id`),
  KEY `task_category_task_category_id_foreign` (`category_id`),
  CONSTRAINT `task_category_task_category_id_foreign` FOREIGN KEY (`category_id`) REFERENCES `task_category` (`id`) ON DELETE CASCADE,
  CONSTRAINT `task_category_task_task_id_foreign` FOREIGN KEY (`task_id`) REFERENCES `task` (`id`) ON DELETE CASCADE
) ENGINE=InnoDB AUTO_INCREMENT=13 DEFAULT CHARSET=utf8mb4 COLLATE=utf8mb4_unicode_ci;
/*!40101 SET character_set_client = @saved_cs_client */;

--
-- Dumping data for table `task_category_task`
--

LOCK TABLES `task_category_task` WRITE;
/*!40000 ALTER TABLE `task_category_task` DISABLE KEYS */;
INSERT INTO `task_category_task` VALUES (1,NULL,NULL,7,7),(2,NULL,NULL,8,7),(3,NULL,NULL,9,7),(4,NULL,NULL,12,1),(5,NULL,NULL,13,7),(7,NULL,NULL,15,1),(9,NULL,NULL,17,3),(10,NULL,NULL,17,1),(11,NULL,NULL,11,1),(12,NULL,NULL,11,7);
/*!40000 ALTER TABLE `task_category_task` ENABLE KEYS */;
UNLOCK TABLES;

--
-- Table structure for table `task_comment`
--

DROP TABLE IF EXISTS `task_comment`;
/*!40101 SET @saved_cs_client     = @@character_set_client */;
/*!50503 SET character_set_client = utf8mb4 */;
CREATE TABLE `task_comment` (
  `id` bigint unsigned NOT NULL AUTO_INCREMENT,
  `created_at` timestamp NULL DEFAULT NULL,
  `updated_at` timestamp NULL DEFAULT NULL,
  `task_id` bigint unsigned NOT NULL,
  `user_id` bigint unsigned NOT NULL,
  `content` text COLLATE utf8mb4_unicode_ci NOT NULL,
  PRIMARY KEY (`id`),
  KEY `task_comment_task_id_foreign` (`task_id`),
  KEY `task_comment_user_id_foreign` (`user_id`),
  CONSTRAINT `task_comment_task_id_foreign` FOREIGN KEY (`task_id`) REFERENCES `task` (`id`) ON DELETE CASCADE,
  CONSTRAINT `task_comment_user_id_foreign` FOREIGN KEY (`user_id`) REFERENCES `users` (`id`) ON DELETE CASCADE
) ENGINE=InnoDB AUTO_INCREMENT=10 DEFAULT CHARSET=utf8mb4 COLLATE=utf8mb4_unicode_ci;
/*!40101 SET character_set_client = @saved_cs_client */;

--
-- Dumping data for table `task_comment`
--

LOCK TABLES `task_comment` WRITE;
/*!40000 ALTER TABLE `task_comment` DISABLE KEYS */;
INSERT INTO `task_comment` VALUES (1,'2026-06-01 17:01:00','2026-06-01 17:01:00',7,1,'Слишком простая задача'),(2,'2026-06-01 17:11:04','2026-06-01 17:11:04',7,2,'очень крутой сайт и задачи интересные...'),(3,'2026-06-02 02:19:30','2026-06-02 02:19:30',8,4,'Очень понравилось!!!!!! Обязательно пройду ещё раз.\r\nНейронка невероятная, помогла решить задачу\r\nзабыл print написать XD'),(4,'2026-06-02 02:20:29','2026-06-02 02:20:29',8,1,'Блин бро ну ты конечно и шутник XD)))'),(5,'2026-06-02 02:22:47','2026-06-02 02:22:47',8,4,'Блин написано что НЕ ЗАЩИЩЕНО\r\nдумал не подцеплю 10000000 вирусов ;(\r\nа в итоге троян, обидно\r\nхотя того стоит, всем советую!'),(6,'2026-06-02 04:18:47','2026-06-02 04:18:47',11,1,'<script>\r\nconsole.allert(\'test\'):\r\n</script>'),(7,'2026-06-02 18:41:32','2026-06-02 18:41:32',7,49,'нерабочий сайт удаляю'),(8,'2026-06-03 19:58:06','2026-06-03 19:58:06',8,56,'спасибо я выучил питон и устролися теперь 25 т мои спасибо ты лучший!!'),(9,'2026-06-05 11:07:32','2026-06-05 11:07:32',7,58,'нужны задачи проще, не смог решить');
/*!40000 ALTER TABLE `task_comment` ENABLE KEYS */;
UNLOCK TABLES;

--
-- Table structure for table `task_file`
--

DROP TABLE IF EXISTS `task_file`;
/*!40101 SET @saved_cs_client     = @@character_set_client */;
/*!50503 SET character_set_client = utf8mb4 */;
CREATE TABLE `task_file` (
  `id` bigint unsigned NOT NULL AUTO_INCREMENT,
  `file_path` varchar(255) COLLATE utf8mb4_unicode_ci NOT NULL,
  `task_id` bigint unsigned NOT NULL,
  `is_public` tinyint(1) NOT NULL DEFAULT '1',
  `created_at` timestamp NULL DEFAULT NULL,
  `updated_at` timestamp NULL DEFAULT NULL,
  PRIMARY KEY (`id`),
  KEY `task_file_task_id_foreign` (`task_id`),
  CONSTRAINT `task_file_task_id_foreign` FOREIGN KEY (`task_id`) REFERENCES `task` (`id`) ON DELETE CASCADE
) ENGINE=InnoDB DEFAULT CHARSET=utf8mb4 COLLATE=utf8mb4_unicode_ci;
/*!40101 SET character_set_client = @saved_cs_client */;

--
-- Dumping data for table `task_file`
--

LOCK TABLES `task_file` WRITE;
/*!40000 ALTER TABLE `task_file` DISABLE KEYS */;
/*!40000 ALTER TABLE `task_file` ENABLE KEYS */;
UNLOCK TABLES;

--
-- Table structure for table `task_test`
--

DROP TABLE IF EXISTS `task_test`;
/*!40101 SET @saved_cs_client     = @@character_set_client */;
/*!50503 SET character_set_client = utf8mb4 */;
CREATE TABLE `task_test` (
  `id` bigint unsigned NOT NULL AUTO_INCREMENT,
  `task_id` bigint unsigned NOT NULL,
  `input` text COLLATE utf8mb4_unicode_ci,
  `expected_output` text COLLATE utf8mb4_unicode_ci NOT NULL,
  `number` bigint unsigned NOT NULL DEFAULT '1',
  `created_at` timestamp NULL DEFAULT NULL,
  `updated_at` timestamp NULL DEFAULT NULL,
  PRIMARY KEY (`id`),
  KEY `task_test_task_id_foreign` (`task_id`),
  CONSTRAINT `task_test_task_id_foreign` FOREIGN KEY (`task_id`) REFERENCES `task` (`id`) ON DELETE CASCADE
) ENGINE=InnoDB AUTO_INCREMENT=114 DEFAULT CHARSET=utf8mb4 COLLATE=utf8mb4_unicode_ci;
/*!40101 SET character_set_client = @saved_cs_client */;

--
-- Dumping data for table `task_test`
--

LOCK TABLES `task_test` WRITE;
/*!40000 ALTER TABLE `task_test` DISABLE KEYS */;
INSERT INTO `task_test` VALUES (46,8,'8','YES',1,NULL,NULL),(47,8,'7','NO',2,NULL,NULL),(48,8,'0','YES',3,NULL,NULL),(49,8,'-4','YES',4,NULL,NULL),(50,8,'-9','NO',5,NULL,NULL),(51,9,'12\n7','12',1,NULL,NULL),(52,9,'3\n9','9',2,NULL,NULL),(53,9,'5\n5','5',3,NULL,NULL),(54,9,'-2\n-8','-2',4,NULL,NULL),(55,9,'0\n-1','0',5,NULL,NULL),(66,12,'5','15',1,NULL,NULL),(67,12,'1','1',2,NULL,NULL),(68,12,'10','55',3,NULL,NULL),(69,12,'100','5050',4,NULL,NULL),(70,12,'50','1275',5,NULL,NULL),(71,13,'123','3',1,NULL,NULL),(72,13,'45','5',2,NULL,NULL),(73,13,'100','0',3,NULL,NULL),(74,13,'7','7',4,NULL,NULL),(75,13,'0','0',5,NULL,NULL),(81,15,'5\n1 2 3 2 4\n2','2',1,NULL,NULL),(82,15,'4\n1 1 1 1\n1','4',2,NULL,NULL),(83,15,'5\n1 2 3 4 5\n6','0',3,NULL,NULL),(84,15,'6\n0 -1 0 2 0 3\n0','3',4,NULL,NULL),(85,15,'1\n10\n10','1',5,NULL,NULL),(98,17,'python is very simple','is',1,NULL,NULL),(99,17,'one two three','one',2,NULL,NULL),(100,17,'hello world','hello',3,NULL,NULL),(101,17,'a bb ccc dddd','a',4,NULL,NULL),(102,17,'school programming task','task',5,NULL,NULL),(103,17,'test','test',6,NULL,NULL),(104,11,'5\n-2 4 0 7 -1','2',1,NULL,NULL),(105,11,'4\n1 2 3 4','4',2,NULL,NULL),(106,11,'3\n-1 -2 -3','0',3,NULL,NULL),(107,11,'5\n0 0 0 0 0','0',4,NULL,NULL),(108,11,'6\n10 -5 3 -1 8 0','3',5,NULL,NULL),(109,7,'5\n6','11',1,NULL,NULL),(110,7,'10\n15','25',2,NULL,NULL),(111,7,'-3\n7','4',3,NULL,NULL),(112,7,'0\n0','0',4,NULL,NULL),(113,7,'100\n-50','50',5,NULL,NULL);
/*!40000 ALTER TABLE `task_test` ENABLE KEYS */;
UNLOCK TABLES;

--
-- Table structure for table `user_category_masteries`
--

DROP TABLE IF EXISTS `user_category_masteries`;
/*!40101 SET @saved_cs_client     = @@character_set_client */;
/*!50503 SET character_set_client = utf8mb4 */;
CREATE TABLE `user_category_masteries` (
  `id` bigint unsigned NOT NULL AUTO_INCREMENT,
  `user_id` bigint unsigned NOT NULL,
  `category_id` bigint unsigned NOT NULL,
  `probability` decimal(5,4) NOT NULL DEFAULT '0.3000',
  `created_at` timestamp NULL DEFAULT NULL,
  `updated_at` timestamp NULL DEFAULT NULL,
  PRIMARY KEY (`id`),
  UNIQUE KEY `user_category_masteries_user_id_category_id_unique` (`user_id`,`category_id`),
  KEY `user_category_masteries_category_id_foreign` (`category_id`),
  CONSTRAINT `user_category_masteries_category_id_foreign` FOREIGN KEY (`category_id`) REFERENCES `task_category` (`id`) ON DELETE CASCADE,
  CONSTRAINT `user_category_masteries_user_id_foreign` FOREIGN KEY (`user_id`) REFERENCES `users` (`id`) ON DELETE CASCADE
) ENGINE=InnoDB AUTO_INCREMENT=4 DEFAULT CHARSET=utf8mb4 COLLATE=utf8mb4_unicode_ci;
/*!40101 SET character_set_client = @saved_cs_client */;

--
-- Dumping data for table `user_category_masteries`
--

LOCK TABLES `user_category_masteries` WRITE;
/*!40000 ALTER TABLE `user_category_masteries` DISABLE KEYS */;
INSERT INTO `user_category_masteries` VALUES (1,1,7,0.1176,'2026-06-07 23:54:43','2026-06-08 10:23:43'),(2,1,1,0.1273,'2026-06-07 23:57:03','2026-06-07 23:57:03'),(3,1,3,0.1273,'2026-06-07 23:57:03','2026-06-07 23:57:03');
/*!40000 ALTER TABLE `user_category_masteries` ENABLE KEYS */;
UNLOCK TABLES;

--
-- Table structure for table `users`
--

DROP TABLE IF EXISTS `users`;
/*!40101 SET @saved_cs_client     = @@character_set_client */;
/*!50503 SET character_set_client = utf8mb4 */;
CREATE TABLE `users` (
  `id` bigint unsigned NOT NULL AUTO_INCREMENT,
  `name` varchar(255) COLLATE utf8mb4_unicode_ci NOT NULL,
  `email` varchar(255) COLLATE utf8mb4_unicode_ci NOT NULL,
  `email_verified_at` timestamp NULL DEFAULT NULL,
  `password` varchar(255) COLLATE utf8mb4_unicode_ci NOT NULL,
  `remember_token` varchar(100) COLLATE utf8mb4_unicode_ci DEFAULT NULL,
  `created_at` timestamp NULL DEFAULT NULL,
  `updated_at` timestamp NULL DEFAULT NULL,
  `count_solved_task` bigint unsigned NOT NULL DEFAULT '0',
  `is_admin` tinyint(1) NOT NULL DEFAULT '0',
  `is_blocked` tinyint(1) NOT NULL DEFAULT '0',
  PRIMARY KEY (`id`),
  UNIQUE KEY `users_email_unique` (`email`)
) ENGINE=InnoDB AUTO_INCREMENT=59 DEFAULT CHARSET=utf8mb4 COLLATE=utf8mb4_unicode_ci;
/*!40101 SET character_set_client = @saved_cs_client */;

--
-- Dumping data for table `users`
--

LOCK TABLES `users` WRITE;
/*!40000 ALTER TABLE `users` DISABLE KEYS */;
INSERT INTO `users` VALUES (1,'Elized','frolov_k2004@mail.ru','2026-06-02 03:08:23','$2y$12$G84AF4OSjUmp4.lpu167du65ItYutfjCYGruGFi1dgbwUzdovFqRG',NULL,'2026-06-01 15:48:46','2026-06-02 03:08:23',0,1,0),(2,'мявка','safahvklitz9fr5v@outlook.com',NULL,'$2y$12$8bBJQBmsI5Hap39SRrPREutVwmgUxn6zS5yG6xEJsn4jqOsv4beG2',NULL,'2026-06-01 17:04:59','2026-06-01 17:04:59',0,0,0),(3,'Николай','webbis@internet.ru',NULL,'$2y$12$kpifHYW3JBRfaNxSUOf.9eZbT7poqSk9HcA/i6kCNFr0RPhwOq/RC',NULL,'2026-06-01 17:24:21','2026-06-01 17:24:21',0,0,0),(4,'Даниил','danil-ivanchenko-00@mail.ru',NULL,'$2y$12$gKNp0db0YhkZQnIkFAo2VeraIYFJZizawv9saDDB64IwAdewUDrkW',NULL,'2026-06-01 17:24:57','2026-06-01 17:24:57',0,0,0),(6,'Test','mr.kurochka2004@mail.ru','2026-06-02 03:16:39','$2y$12$omekdn63Ye.7mw0e9Wtk.OpsppBomfxIjt.e2lTzQQC42jZ7DcBd2',NULL,'2026-06-02 03:15:53','2026-06-02 03:16:39',0,0,0),(10,'Константин','zip.kostau90@mail.ru','2026-06-02 05:36:26','$2y$12$vXfF1KXJhMVjpufA0njNAekyXaFF9/krC9uvQBX3Pqz2XO8HX3veK','xfZJucXHxomEAXJiGavZ09PU5O3zmg9M01uiqQj1dXo5VgbaMR58lTjxCoS3','2026-06-02 05:34:48','2026-06-02 05:36:26',0,0,0),(11,'Мария','medvedevam770@gmail.com','2026-06-02 05:47:20','$2y$12$NREnnxda1ULSNZXD8TDR7.tGZiB6Bc7WBKro9LpfGMpiOkudQh3my',NULL,'2026-06-02 05:47:03','2026-06-02 05:47:20',0,0,0),(12,'Арина','kuhararina07@gmail.com','2026-06-02 05:51:17','$2y$12$7glYq5HiyutuI0ErYAs8eO30.SxImzAijN3fzijBOtKFfFHv0w/Qm',NULL,'2026-06-02 05:47:21','2026-06-02 05:51:17',0,0,0),(13,'Екатерина Молчанова','yekaterina.molchanova.07@mail.ru','2026-06-02 05:50:13','$2y$12$lgQC43Afbg4tbMPo9sGh7uaxEfIeZ0s.WRLbbq5OcjhzmKgf0dEFK','34sDlxXXANSOlMQRjaphcP7NoMLqLatyhUDoYWBgtRZmYvDTSoMdmBeysh2X','2026-06-02 05:47:33','2026-06-02 05:50:13',0,0,0),(14,'Валерия','vlerins@bk.ru','2026-06-02 05:50:38','$2y$12$xrs5sLEj3VHpDUhbDFMcuOSnnTwE0Rd.8C0MpQf0QhEPmlth70MKi',NULL,'2026-06-02 05:47:59','2026-06-02 05:50:38',0,0,0),(15,'Елизавета','aminovaliza732@gmail.com','2026-06-02 05:48:52','$2y$12$uXz7EuMbt.BYYxitdaSciOLBojiu3lbduSvvhc7ntA4SM/WdQbjAC',NULL,'2026-06-02 05:48:17','2026-06-02 05:48:52',0,0,0),(16,'Анна','a89616874058@yandex.ru',NULL,'$2y$12$gI88ToejaQCfJ3l15coCP.lAGNhsGDsWcI4iWw6iFrBN6ICVhRWqC',NULL,'2026-06-02 05:48:24','2026-06-02 05:48:24',0,0,0),(17,'Валерия','zero.wave207@gmail.com','2026-06-02 05:49:24','$2y$12$s/T8dDpEdchmovI841nW5OPGObMJ50pnD59bLRZlHf/VDbLY9Io3O',NULL,'2026-06-02 05:49:08','2026-06-02 05:49:24',0,0,0),(18,'Ульяна','ulanatihenko879@gmail.com',NULL,'$2y$12$AxZjZakSaY4xx5XAHHR/fOUTLy1iD.DNaWpmA8rJl1f.C9bTdaYCW','fpxY2B97jzgPv9QAOrHFCPYwB4bs19YhL9kKmZMb2N6EfycdsIBOSwWVa1az','2026-06-02 05:49:41','2026-06-02 05:49:41',0,0,0),(19,'Анна','a89616874958@yandex.ru',NULL,'$2y$12$oqcqRapGtimKoqKlVTm3puVme/..zdnH2hwqWTJrew8JqxOmJJnry',NULL,'2026-06-02 05:50:45','2026-06-02 05:50:45',0,0,0),(20,'Алина','alinaudockina@gmail.com','2026-06-02 05:51:56','$2y$12$RiOtDyZlEDq7h3eR.goF8O1OOxYCdCNXnK8sJEV1YBKQU9kNZU5iW',NULL,'2026-06-02 05:50:50','2026-06-02 05:51:56',0,0,0),(21,'Алёна','ebyvayet@mail.ru','2026-06-02 05:52:33','$2y$12$j.Eu/AjIa.7.BwVv64FYQuxfSPTscoV7QRSrNFNj93nE9fkeDgj0.','MV2BCoV2KiQcwyngivDRJhqZF4ncizHJmeSykzfQxhmXF4cCRnMY5Q3HXAXS','2026-06-02 05:51:23','2026-06-02 05:52:33',0,0,0),(22,'Ирина','irinaracowich@icloud.com','2026-06-02 05:53:06','$2y$12$.a/U2BV3BRdTGhcd7ufVc.c.yx0.Djc7wirGzuRqPfWMCTu25vvtW','JKzdqhb72MJ1pyum4CKUmNrJrVDVZVE50At3liKe67fMzl0cTPdGSZlpOzLG','2026-06-02 05:51:52','2026-06-02 05:53:06',0,0,0),(23,'Катя','katacerkovnikova38@gmail.com','2026-06-02 05:52:28','$2y$12$6XrO.1FHT.v/zpeCqXXTOeDbOaPb/xkmAWkJxOsZOhAmOIzbpbe9e',NULL,'2026-06-02 05:52:08','2026-06-02 05:52:28',0,0,0),(24,'Сергей Цай','cai.sergei2007@gmail.com',NULL,'$2y$12$IFKXEu1xXo5R03qnD5ASxuM7trWLpeAQ5Yy2pz93edWX/pleJkaL.',NULL,'2026-06-02 05:52:15','2026-06-02 05:52:15',0,0,0),(25,'Камила','kamilyok567@gmail.com','2026-06-02 05:52:50','$2y$12$sAdwlorOmnox73wl6BpGKO0/mjDhqXWQNxM7C5ThSWeikYh2hroPq',NULL,'2026-06-02 05:52:20','2026-06-02 05:52:50',0,0,0),(26,'Виктория','salivonvika985@gmail.com','2026-06-02 05:56:26','$2y$12$VshZ6ECUq/0PF2bDa.kr0OYtCNVQ3D.lM2QOG4s4HG/otJpZ32xRS',NULL,'2026-06-02 05:52:39','2026-06-02 05:56:26',0,0,0),(27,'Лолита','lolitalivadnia@gmail.com',NULL,'$2y$12$SHwNfFWi8ZHUehJoke7DtO5kxUibKqD0EKetjgKuIw1crgZyyDGAu',NULL,'2026-06-02 05:53:00','2026-06-02 05:53:00',0,0,0),(28,'юля','haylovayla2007@gmail.com','2026-06-02 05:56:40','$2y$12$N/DvK62rvuPBPhAm6KzV7eC/1E/a3.VdywSrOtVnEcOwQpTpxZH12',NULL,'2026-06-02 05:55:51','2026-06-02 05:56:40',0,0,0),(48,'timur','tamer.228@mail.ru',NULL,'$2y$12$pg5uB5cMkzNg2OUqhbYbZ.zfuPjEVlDhjDehuK3BqGnGLxjo.q0sa',NULL,'2026-06-02 18:29:19','2026-06-02 18:29:19',0,0,0),(49,'timka','tamerlan04112004@gmail.com','2026-06-02 18:31:09','$2y$12$1XbSdjzUEauxIPYcvpE1seICIa/aetBZRqDm1Xzpc4/9IayajziC6',NULL,'2026-06-02 18:30:36','2026-06-02 18:31:09',0,0,0),(50,'peres','sypic98@mail.ru',NULL,'$2y$12$mRNn9nT./lGuwzKHFA0w1eN5S0bZQ0HYNSeDkY1Rx8akq1SKeLR6y',NULL,'2026-06-02 21:24:06','2026-06-02 21:24:06',0,0,0),(51,'zlllk','pitikonovai@gmail.com',NULL,'$2y$12$NTNaMJIvgMzzdN/XFttM0uxW.z6WAFNBPr5FH4PetEFnli0lrQNMG',NULL,'2026-06-03 18:21:11','2026-06-03 18:21:11',0,0,0),(52,'zlzllzl','iami03@bk.ru',NULL,'$2y$12$OpYP0Q7yNsgQ4KGVRS/S7egJoqZPc8d/hXpcH0Itm8nv0p4/vLud6',NULL,'2026-06-03 19:15:35','2026-06-03 19:15:35',0,0,0),(56,'zlllk1','donaldbmwmeow@gmail.com','2026-06-03 19:51:46','$2y$12$F2X6tKJgv0chYVpWsdm2Iu424HucaxBBxDOGGF0tQN9uuMwYLy66.',NULL,'2026-06-03 19:51:37','2026-06-03 19:51:46',0,0,0),(57,'Юля','yuliasivolapova@yandex.ru','2026-06-03 19:53:16','$2y$12$ECTY4rEHcyUcX9KlG5DIl.0pZ.jcD5KCfehI3ItqbsXzNXAWcncke',NULL,'2026-06-03 19:53:02','2026-06-03 19:53:16',0,0,0),(58,'Александр Кирносов','reightenfels@mail.ru','2026-06-05 11:03:13','$2y$12$W/jdynJAQI7Q1FZpg0r/0unS1g/iGekZxN04H6/05nFHjgN6J73Yu',NULL,'2026-06-05 11:01:41','2026-06-05 11:03:13',0,0,0);
/*!40000 ALTER TABLE `users` ENABLE KEYS */;
UNLOCK TABLES;
/*!40103 SET TIME_ZONE=@OLD_TIME_ZONE */;

/*!40101 SET SQL_MODE=@OLD_SQL_MODE */;
/*!40014 SET FOREIGN_KEY_CHECKS=@OLD_FOREIGN_KEY_CHECKS */;
/*!40014 SET UNIQUE_CHECKS=@OLD_UNIQUE_CHECKS */;
/*!40101 SET CHARACTER_SET_CLIENT=@OLD_CHARACTER_SET_CLIENT */;
/*!40101 SET CHARACTER_SET_RESULTS=@OLD_CHARACTER_SET_RESULTS */;
/*!40101 SET COLLATION_CONNECTION=@OLD_COLLATION_CONNECTION */;
/*!40111 SET SQL_NOTES=@OLD_SQL_NOTES */;

-- Dump completed on 2026-06-14 10:26:17
